Workbook
Name polla: Hoja2!$A$4:$B$49

Sheet Hoja1
E1: PRIMERA FECHA | BY1: SEGUNDA FECHA | ES1: TERCERA FECHA | HM1: DIECISESAVOS | JI1: OCTAVOS | KG1: CUARTOS | KS1: SEMIFINALES | KY1: TERCER Y CUARTO | LB1: FINAL | LE1: CUARTO | LG1: TERCERO | LI1: SUBCAMPEÓN | LK1: CAMPEÓN | LM1: GOLEADOR
A2: JUGADORES POLLA GORETTIANA | C2: TOTAL | D2: ACIERTOS | E2: MEXICO | F2: SUDAFRICA | G2: PUNTOS | H2: COREA | I2: REP. CHECA | J2: PUNTOS | K2: CANADA | L2: BOSNIA | M2: PUNTOS | N2: USA | O2: PARAGUAY | P2: PUNTOS | Q2: QATAR | R2: SUIZA | S2: PUNTOS | T2: BRASIL | U2: MARRUECOS | V2: PUNTOS | W2: HAITI | X2: ESCOCIA | Y2: PUNTOS | Z2: AUSTRALIA | AA2: TURQUÍA | AB2: PUNTOS | AC2: ALEMANIA | AD2: CURAZAO | AE2: PUNTOS | AF2: PAISES B. | AG2: JAPÓN | AH2: PUNTOS | AI2: COSTA DE M. | AJ2: ECUADOR | AK2: PUNTOS | AL2: SUECIA | AM2: TUNEZ | AN2: PUNTOS | AO2: EPAÑA | AP2: CABO VERDE | AQ2: PUNTOS | AR2: BELGICA | AS2: EGIPTO | AT2: PUNTOS | AU2: ARABIA S. | AV2: URUGUAY | AW2: PUNTOS | AX2: IRAN | AY2: NUEVA ZELAN | AZ2: PUNTOS | BA2: FRANCIA | BB2: SENEGAL | BC2: PUNTOS | BD2: IRAK | BE2: NORUEGA | BF2: PUNTOS | BG2: ARGENTINA | BH2: ARGELIA | BI2: PUNTOS | BJ2: AUSTRIA | BK2: JORDANIA | BL2: PUNTOS | BM2: PORTUGAL | BN2: RIO CONGO | BO2: PUNTOS | BP2: INGLATERRA | BQ2: CROACIA | BR2: PUNTOS | BS2: GHANA | BT2: PANAMA | BU2: PUNTOS | BV2: UZBEKISTAN | BW2: COLOMBIA | BX2: PUNTOS | BY2: SUDAFRICA | BZ2: REP. CHECA | CA2: PUNTOS | CB2: BOSNIA | CC2: SUIZA | CD2: PUNTOS | CE2: CÁNADA | CF2: QATAR | CG2: PUNTOS | CH2: MÉXICO | CI2: COREA | CJ2: PUNTOS | CK2: USA | CL2: AUSTRALIA | CM2: PUNTOS | CN2: ESCOCIA | CO2: MARRUECOS | CP2: PUNTOS | CQ2: BRASIL | CR2: HAITI | CS2: PUNTOS | CT2: TURQUÍA | CU2: PARAGUAY | CV2: PUNTOS | CW2: PAISES BAJOS | CX2: SUECIA | CY2: PUNTOS | CZ2: ALEMANIA | DA2: COSTA DE M. | DB2: PUNTOS | DC2: ECUADOR | DD2: CURAZAO | DE2: PUNTOS | DF2: TUNEZ | DG2: JAPÓN | DH2: PUNTOS | DI2: ESPAÑA | DJ2: ARABIA S. | DK2: PUNTOS | DL2: BÉLGICA | DM2: IRÁN | DN2: PUNTOS | DO2: URUGUAY | DP2: CABO VERDE | DQ2: PUNTOS | DR2: NUEVA ZELAN | DS2: EGIPTO | DT2: PUNTOS | DU2: ARGENTINA | DV2: AUSTRIA | DW2: PUNTOS | DX2: FRANCIA | DY2: IRAK | DZ2: PUNTOS | EA2: NORUEGA | EB2: SENEGAL | EC2: PUNTOS | ED2: JORDANIA | EE2: ARGELIA | EF2: PUNTOS | EG2: PORTUGAL | EH2: UZBEKISTAN | EI2: PUNTOS | EJ2: INGLATERRA | EK2: GHANA | EL2: PUNTOS | EM2: PANAMA | EN2: CROACIA | EO2: PUNTOS | EP2: COLOMBIA | EQ2: RIO CONGO | ER2: PUNTOS | EU2: PUNTOS | EX2: PUNTOS | FA2: PUNTOS | FD2: PUNTOS | FG2: PUNTOS | FJ2: PUNTOS | FM2: PUNTOS | FP2: PUNTOS | FS2: PUNTOS | FV2: PUNTOS | FY2: PUNTOS | GB2: PUNTOS | GE2: PUNTOS | GH2: PUNTOS | GK2: PUNTOS | GN2: PUNTOS | GQ2: PUNTOS | GT2: PUNTOS | GW2: PUNTOS | GZ2: PUNTOS | HC2: PUNTOS | HF2: PUNTOS | HI2: PUNTOS | HL2: PUNTOS | HO2: PUNTOS | HR2: PUNTOS | HU2: PUNTOS | HX2: PUNTOS | IA2: PUNTOS | ID2: PUNTOS | IG2: PUNTOS | IJ2: PUNTOS | IM2: PUNTOS | IP2: PUNTOS | IS2: PUNTOS | IV2: PUNTOS | IY2: PUNTOS | JB2: PUNTOS | JE2: PUNTOS | JH2: PUNTOS | JK2: PUNTOS | JN2: PUNTOS | JQ2: PUNTOS | JT2: PUNTOS | JW2: PUNTOS | JZ2: PUNTOS | KC2: PUNTOS | KF2: PUNTOS | KI2: PUNTOS | KL2: PUNTOS | KO2: PUNTOS | KR2: PUNTOS | KU2: PUNTOS | KX2: PUNTOS | LA2: PUNTOS | LD2: PUNTOS | LF2: PUNTOS | LH2: PUNTOS | LJ2: PUNTOS | LL2: PUNTOS | LN2: PUNTOS
E3: 2 | F3: 0 | H3: 2 | I3: 1 | K3: 1 | L3: 1 | N3: 4 | O3: 1 | Q3: 1 | R3: 1 | T3: 1 | U3: 1 | W3: 0 | X3: 1 | Z3: 2 | AA3: 0 | AC3: 7 | AD3: 1 | AF3: 2 | AG3: 2 | AI3: 1 | AJ3: 0 | AL3: 5 | AM3: 1 | AO3: 0 | AP3: 0 | AR3: 1 | AS3: 1 | AU3: 1 | AV3: 1 | AX3: 2 | AY3: 2 | BA3: 3 | BB3: 1 | BD3: 1 | BE3: 4 | BG3: 3 | BH3: 0 | BJ3: 3 | BK3: 1 | BM3: 1 | BN3: 1 | BP3: 4 | BQ3: 2 | BS3: 1 | BT3: 0 | BV3: 1 | BW3: 3
A4: 1 | B4: Gustavo Potosí Arango | C4: =SUM(G4,J4,M4,P4,S4,V4,Y4,AB4,AE4,AH4,AK4,AN4,AQ4,AT4,AW4,AZ4,BC4,BF4,BI4,BL4,BO4,BR4,BU4,BX4,CA4,CD4,CG4,CJ4,CM4,CP4,CS4,CV4,CY4,DB4,DE4,DH4,DK4,DN4,DQ4,DT4,DW4,DZ4,EC4,EF4,EI4,EL4,EO4,ER4,EU4,EX4,FA4,FD4,FG4,FJ4,FM4,FP4,FS4,FV4,FY4,GB4,GE4,GH4,GK4,GN4,GQ4,GT4,GW4,GZ4,HC4,HF4,HI4,HL4,HO4,HR4,HU4,HX4,IA4,ID4,IG4,IJ4,IM4,IP4,IS4,IV4,IY4,JB4,JE4,JH4,JK4,JN4,JQ4,JT4,JW4,JZ4,KC4,KF4,KI4,KL4,KO4,KR4,KU4,KX4,LA4,LD4,LF4,LH4,LJ4,LL4) -> 22 | D4: =VLOOKUP(B4,polla,2,FALSE) -> 5 | E4: 2 | F4: 1 | G4: =IF(OR(ISBLANK(E4),ISBLANK(F4),ISBLANK(E$3)),"",IF(AND(E4=E$3,F$3=F4),3,IF(AND(E$3>F$3,E4>F4),1,IF(AND(E$3<F$3,E4<F4),1,IF(AND(E$3=F$3,E4=F4),1,0))))) -> 1 | H4: 0 | I4: 0 | J4: =IF(OR(ISBLANK(H4),ISBLANK(I4),ISBLANK(H$3)),"",IF(AND(H4=H$3,I$3=I4),3,IF(AND(H$3>I$3,H4>I4),1,IF(AND(H$3<I$3,H4<I4),1,IF(AND(H$3=I$3,H4=I4),1,0))))) -> 0 | K4: 1 | L4: 1 | M4: =IF(OR(ISBLANK(K4),ISBLANK(L4),ISBLANK(K$3)),"",IF(AND(K4=K$3,L$3=L4),3,IF(AND(K$3>L$3,K4>L4),1,IF(AND(K$3<L$3,K4<L4),1,IF(AND(K$3=L$3,K4=L4),1,0))))) -> 3 | N4: 1 | O4: 1 | P4: =IF(OR(ISBLANK(N4),ISBLANK(O4),ISBLANK(N$3)),"",IF(AND(N4=N$3,O$3=O4),3,IF(AND(N$3>O$3,N4>O4),1,IF(AND(N$3<O$3,N4<O4),1,IF(AND(N$3=O$3,N4=O4),1,0))))) -> 0 | Q4: 0 | R4: 3 | S4: =IF(OR(ISBLANK(Q4),ISBLANK(R4),ISBLANK(Q$3)),"",IF(AND(Q4=Q$3,R$3=R4),3,IF(AND(Q$3>R$3,Q4>R4),1,IF(AND(Q$3<R$3,Q4<R4),1,IF(AND(Q$3=R$3,Q4=R4),1,0))))) -> 0 | T4: 1 | U4: 2 | V4: =IF(OR(ISBLANK(T4),ISBLANK(U4),ISBLANK(T$3)),"",IF(AND(T4=T$3,U$3=U4),3,IF(AND(T$3>U$3,T4>U4),1,IF(AND(T$3<U$3,T4<U4),1,IF(AND(T$3=U$3,T4=U4),1,0))))) -> 0 | W4: 0 | X4: 1 | Y4: =IF(OR(ISBLANK(W4),ISBLANK(X4),ISBLANK(W$3)),"",IF(AND(W4=W$3,X$3=X4),3,IF(AND(W$3>X$3,W4>X4),1,IF(AND(W$3<X$3,W4<X4),1,IF(AND(W$3=X$3,W4=X4),1,0))))) -> 3 | Z4: 0 | AA4: 3 | AB4: =IF(OR(ISBLANK(Z4),ISBLANK(AA4),ISBLANK(Z$3)),"",IF(AND(Z4=Z$3,AA$3=AA4),3,IF(AND(Z$3>AA$3,Z4>AA4),1,IF(AND(Z$3<AA$3,Z4<AA4),1,IF(AND(Z$3=AA$3,Z4=AA4),1,0))))) -> 0 | AC4: 6 | AD4: 0 | AE4: =IF(OR(ISBLANK(AC4),ISBLANK(AD4),ISBLANK(AC$3)),"",IF(AND(AC4=AC$3,AD$3=AD4),3,IF(AND(AC$3>AD$3,AC4>AD4),1,IF(AND(AC$3<AD$3,AC4<AD4),1,IF(AND(AC$3=AD$3,AC4=AD4),1,0))))) -> 1 | AF4: 2 | AG4: 2 | AH4: =IF(OR(ISBLANK(AF4),ISBLANK(AG4),ISBLANK(AF$3)),"",IF(AND(AF4=AF$3,AG$3=AG4),3,IF(AND(AF$3>AG$3,AF4>AG4),1,IF(AND(AF$3<AG$3,AF4<AG4),1,IF(AND(AF$3=AG$3,AF4=AG4),1,0))))) -> 3 | AI4: 1 | AJ4: 2 | AK4: =IF(OR(ISBLANK(AI4),ISBLANK(AJ4),ISBLANK(AI$3)),"",IF(AND(AI4=AI$3,AJ$3=AJ4),3,IF(AND(AI$3>AJ$3,AI4>AJ4),1,IF(AND(AI$3<AJ$3,AI4<AJ4),1,IF(AND(AI$3=AJ$3,AI4=AJ4),1,0))))) -> 0 | AL4: 3 | AM4: 3 | AN4: =IF(OR(ISBLANK(AL4),ISBLANK(AM4),ISBLANK(AL$3)),"",IF(AND(AL4=AL$3,AM$3=AM4),3,IF(AND(AL$3>AM$3,AL4>AM4),1,IF(AND(AL$3<AM$3,AL4<AM4),1,IF(AND(AL$3=AM$3,AL4=AM4),1,0))))) -> 0 | AO4: 5 | AP4: 0 | AQ4: =IF(OR(ISBLANK(AO4),ISBLANK(AP4),ISBLANK(AO$3)),"",IF(AND(AO4=AO$3,AP$3=AP4),3,IF(AND(AO$3>AP$3,AO4>AP4),1,IF(AND(AO$3<AP$3,AO4<AP4),1,IF(AND(AO$3=AP$3,AO4=AP4),1,0))))) -> 0 | AR4: 3 | AS4: 1 | AT4: =IF(OR(ISBLANK(AR4),ISBLANK(AS4),ISBLANK(AR$3)),"",IF(AND(AR4=AR$3,AS$3=AS4),3,IF(AND(AR$3>AS$3,AR4>AS4),1,IF(AND(AR$3<AS$3,AR4<AS4),1,IF(AND(AR$3=AS$3,AR4=AS4),1,0))))) -> 0 | AU4: 0 | AV4: 1 | AW4: =IF(OR(ISBLANK(AU4),ISBLANK(AV4),ISBLANK(AU$3)),"",IF(AND(AU4=AU$3,AV$3=AV4),3,IF(AND(AU$3>AV$3,AU4>AV4),1,IF(AND(AU$3<AV$3,AU4<AV4),1,IF(AND(AU$3=AV$3,AU4=AV4),1,0))))) -> 0 | AX4: 1 | AY4: 0 | AZ4: =IF(OR(ISBLANK(AX4),ISBLANK(AY4),ISBLANK(AX$3)),"",IF(AND(AX4=AX$3,AY$3=AY4),3,IF(AND(AX$3>AY$3,AX4>AY4),1,IF(AND(AX$3<AY$3,AX4<AY4),1,IF(AND(AX$3=AY$3,AX4=AY4),1,0))))) -> 0 | BA4: 3 | BB4: 1 | BC4: =IF(OR(ISBLANK(BA4),ISBLANK(BB4),ISBLANK(BA$3)),"",IF(AND(BA4=BA$3,BB$3=BB4),3,IF(AND(BA$3>BB$3,BA4>BB4),1,IF(AND(BA$3<BB$3,BA4<BB4),1,IF(AND(BA$3=BB$3,BA4=BB4),1,0))))) -> 3 | BD4: 0 | BE4: 4 | BF4: =IF(OR(ISBLANK(BD4),ISBLANK(BE4),ISBLANK(BD$3)),"",IF(AND(BD4=BD$3,BE$3=BE4),3,IF(AND(BD$3>BE$3,BD4>BE4),1,IF(AND(BD$3<BE$3,BD4<BE4),1,IF(AND(BD$3=BE$3,BD4=BE4),1,0))))) -> 1 | BG4: 2 | BH4: 1 | BI4: =IF(OR(ISBLANK(BG4),ISBLANK(BH4),ISBLANK(BG$3)),"",IF(AND(BG4=BG$3,BH$3=BH4),3,IF(AND(BG$3>BH$3,BG4>BH4),1,IF(AND(BG$3<BH$3,BG4<BH4),1,IF(AND(BG$3=BH$3,BG4=BH4),1,0))))) -> 1 | BJ4: 2 | BK4: 0 | BL4: =IF(OR(ISBLANK(BJ4),ISBLANK(BK4),ISBLANK(BJ$3)),"",IF(AND(BJ4=BJ$3,BK$3=BK4),3,IF(AND(BJ$3>BK$3,BJ4>BK4),1,IF(AND(BJ$3<BK$3,BJ4<BK4),1,IF(AND(BJ$3=BK$3,BJ4=BK4),1,0))))) -> 1 | BM4: 3 | BN4: 0 | BO4: =IF(OR(ISBLANK(BM4),ISBLANK(BN4),ISBLANK(BM$3)),"",IF(AND(BM4=BM$3,BN$3=BN4),3,IF(AND(BM$3>BN$3,BM4>BN4),1,IF(AND(BM$3<BN$3,BM4<BN4),1,IF(AND(BM$3=BN$3,BM4=BN4),1,0))))) -> 0 | BP4: 2 | BQ4: 0 | BR4: =IF(OR(ISBLANK(BP4),ISBLANK(BQ4),ISBLANK(BP$3)),"",IF(AND(BP4=BP$3,BQ$3=BQ4),3,IF(AND(BP$3>BQ$3,BP4>BQ4),1,IF(AND(BP$3<BQ$3,BP4<BQ4),1,IF(AND(BP$3=BQ$3,BP4=BQ4),1,0))))) -> 1 | BS4: 1 | BT4: 0 | BU4: =IF(OR(ISBLANK(BS4),ISBLANK(BT4),ISBLANK(BS$3)),"",IF(AND(BS4=BS$3,BT$3=BT4),3,IF(AND(BS$3>BT$3,BS4>BT4),1,IF(AND(BS$3<BT$3,BS4<BT4),1,IF(AND(BS$3=BT$3,BS4=BT4),1,0))))) -> 3 | BV4: 0 | BW4: 2 | BX4: =IF(OR(ISBLANK(BV4),ISBLANK(BW4),ISBLANK(BV$3)),"",IF(AND(BV4=BV$3,BW$3=BW4),3,IF(AND(BV$3>BW$3,BV4>BW4),1,IF(AND(BV$3<BW$3,BV4<BW4),1,IF(AND(BV$3=BW$3,BV4=BW4),1,0))))) -> 1 | BY4: 0 | BZ4: 1 | CA4: =IF(OR(ISBLANK(BY4),ISBLANK(BZ4),ISBLANK(BY$3)),"",IF(AND(BY4=BY$3,BZ$3=BZ4),3,IF(AND(BY$3>BZ$3,BY4>BZ4),1,IF(AND(BY$3<BZ$3,BY4<BZ4),1,IF(AND(BY$3=BZ$3,BY4=BZ4),1,0))))) | CB4: 1 | CC4: 2 | CD4: =IF(OR(ISBLANK(CB4),ISBLANK(CC4),ISBLANK(CB$3)),"",IF(AND(CB4=CB$3,CC$3=CC4),3,IF(AND(CB$3>CC$3,CB4>CC4),1,IF(AND(CB$3<CC$3,CB4<CC4),1,IF(AND(CB$3=CC$3,CB4=CC4),1,0))))) | CE4: 2 | CF4: 1 | CG4: =IF(OR(ISBLANK(CE4),ISBLANK(CF4),ISBLANK(CE$3)),"",IF(AND(CE4=CE$3,CF$3=CF4),3,IF(AND(CE$3>CF$3,CE4>CF4),1,IF(AND(CE$3<CF$3,CE4<CF4),1,IF(AND(CE$3=CF$3,CE4=CF4),1,0))))) | CH4: 1 | CI4: 2 | CJ4: =IF(OR(ISBLANK(CH4),ISBLANK(CI4),ISBLANK(CH$3)),"",IF(AND(CH4=CH$3,CI$3=CI4),3,IF(AND(CH$3>CI$3,CH4>CI4),1,IF(AND(CH$3<CI$3,CH4<CI4),1,IF(AND(CH$3=CI$3,CH4=CI4),1,0))))) | CK4: 2 | CL4: 2 | CM4: =IF(OR(ISBLANK(CK4),ISBLANK(CL4),ISBLANK(CK$3)),"",IF(AND(CK4=CK$3,CL$3=CL4),3,IF(AND(CK$3>CL$3,CK4>CL4),1,IF(AND(CK$3<CL$3,CK4<CL4),1,IF(AND(CK$3=CL$3,CK4=CL4),1,0))))) | CN4: 1 | CO4: 3 | CP4: =IF(OR(ISBLANK(CN4),ISBLANK(CO4),ISBLANK(CN$3)),"",IF(AND(CN4=CN$3,CO$3=CO4),3,IF(AND(CN$3>CO$3,CN4>CO4),1,IF(AND(CN$3<CO$3,CN4<CO4),1,IF(AND(CN$3=CO$3,CN4=CO4),1,0))))) | CQ4: 4 | CR4: 0 | CS4: =IF(OR(ISBLANK(CQ4),ISBLANK(CR4),ISBLANK(CQ$3)),"",IF(AND(CQ4=CQ$3,CR$3=CR4),3,IF(AND(CQ$3>CR$3,CQ4>CR4),1,IF(AND(CQ$3<CR$3,CQ4<CR4),1,IF(AND(CQ$3=CR$3,CQ4=CR4),1,0))))) | CT4: 0 | CU4: 2 | CV4: =IF(OR(ISBLANK(CT4),ISBLANK(CU4),ISBLANK(CT$3)),"",IF(AND(CT4=CT$3,CU$3=CU4),3,IF(AND(CT$3>CU$3,CT4>CU4),1,IF(AND(CT$3<CU$3,CT4<CU4),1,IF(AND(CT$3=CU$3,CT4=CU4),1,0))))) | CW4: 2 | CX4: 0 | CY4: =IF(OR(ISBLANK(CW4),ISBLANK(CX4),ISBLANK(CW$3)),"",IF(AND(CW4=CW$3,CX$3=CX4),3,IF(AND(CW$3>CX$3,CW4>CX4),1,IF(AND(CW$3<CX$3,CW4<CX4),1,IF(AND(CW$3=CX$3,CW4=CX4),1,0))))) | CZ4: 3 | DA4: 1 | DB4: =IF(OR(ISBLANK(CZ4),ISBLANK(DA4),ISBLANK(CZ$3)),"",IF(AND(CZ4=CZ$3,DA$3=DA4),3,IF(AND(CZ$3>DA$3,CZ4>DA4),1,IF(AND(CZ$3<DA$3,CZ4<DA4),1,IF(AND(CZ$3=DA$3,CZ4=DA4),1,0))))) | DC4: 3 | DD4: 0 | DE4: =IF(OR(ISBLANK(DC4),ISBLANK(DD4),ISBLANK(DC$3)),"",IF(AND(DC4=DC$3,DD$3=DD4),3,IF(AND(DC$3>DD$3,DC4>DD4),1,IF(AND(DC$3<DD$3,DC4<DD4),1,IF(AND(DC$3=DD$3,DC4=DD4),1,0))))) | DF4: 2 | DG4: 3 | DH4: =IF(OR(ISBLANK(DF4),ISBLANK(DG4),ISBLANK(DF$3)),"",IF(AND(DF4=DF$3,DG$3=DG4),3,IF(AND(DF$3>DG$3,DF4>DG4),1,IF(AND(DF$3<DG$3,DF4<DG4),1,IF(AND(DF$3=DG$3,DF4=DG4),1,0))))) | DI4: 3 | DJ4: 1 | DK4: =IF(OR(ISBLANK(DI4),ISBLANK(DJ4),ISBLANK(DI$3)),"",IF(AND(DI4=DI$3,DJ$3=DJ4),3,IF(AND(DI$3>DJ$3,DI4>DJ4),1,IF(AND(DI$3<DJ$3,DI4<DJ4),1,IF(AND(DI$3=DJ$3,DI4=DJ4),1,0))))) | DL4: 1 | DM4: 0 | DN4: =IF(OR(ISBLANK(DL4),ISBLANK(DM4),ISBLANK(DL$3)),"",IF(AND(DL4=DL$3,DM$3=DM4),3,IF(AND(DL$3>DM$3,DL4>DM4),1,IF(AND(DL$3<DM$3,DL4<DM4),1,IF(AND(DL$3=DM$3,DL4=DM4),1,0))))) | DO4: 0 | DP4: 2 | DQ4: =IF(OR(ISBLANK(DO4),ISBLANK(DP4),ISBLANK(DO$3)),"",IF(AND(DO4=DO$3,DP$3=DP4),3,IF(AND(DO$3>DP$3,DO4>DP4),1,IF(AND(DO$3<DP$3,DO4<DP4),1,IF(AND(DO$3=DP$3,DO4=DP4),1,0))))) | DR4: 0 | DS4: 2 | DT4: =IF(OR(ISBLANK(DR4),ISBLANK(DS4),ISBLANK(DR$3)),"",IF(AND(DR4=DR$3,DS$3=DS4),3,IF(AND(DR$3>DS$3,DR4>DS4),1,IF(AND(DR$3<DS$3,DR4<DS4),1,IF(AND(DR$3=DS$3,DR4=DS4),1,0))))) | DU4: 2 | DV4: 0 | DW4: =IF(OR(ISBLANK(DU4),ISBLANK(DV4),ISBLANK(DU$3)),"",IF(AND(DU4=DU$3,DV$3=DV4),3,IF(AND(DU$3>DV$3,DU4>DV4),1,IF(AND(DU$3<DV$3,DU4<DV4),1,IF(AND(DU$3=DV$3,DU4=DV4),1,0))))) | DX4: 6 | DY4: 0 | DZ4: =IF(OR(ISBLANK(DX4),ISBLANK(DY4),ISBLANK(DX$3)),"",IF(AND(DX4=DX$3,DY$3=DY4),3,IF(AND(DX$3>DY$3,DX4>DY4),1,IF(AND(DX$3<DY$3,DX4<DY4),1,IF(AND(DX$3=DY$3,DX4=DY4),1,0))))) | EA4: 2 | EB4: 1 | EC4: =IF(OR(ISBLANK(EA4),ISBLANK(EB4),ISBLANK(EA$3)),"",IF(AND(EA4=EA$3,EB$3=EB4),3,IF(AND(EA$3>EB$3,EA4>EB4),1,IF(AND(EA$3<EB$3,EA4<EB4),1,IF(AND(EA$3=EB$3,EA4=EB4),1,0))))) | ED4: 0 | EE4: 2 | EF4: =IF(OR(ISBLANK(ED4),ISBLANK(EE4),ISBLANK(ED$3)),"",IF(AND(ED4=ED$3,EE$3=EE4),3,IF(AND(ED$3>EE$3,ED4>EE4),1,IF(AND(ED$3<EE$3,ED4<EE4),1,IF(AND(ED$3=EE$3,ED4=EE4),1,0))))) | EG4: 2 | EH4: 0 | EI4: =IF(OR(ISBLANK(EG4),ISBLANK(EH4),ISBLANK(EG$3)),"",IF(AND(EG4=EG$3,EH$3=EH4),3,IF(AND(EG$3>EH$3,EG4>EH4),1,IF(AND(EG$3<EH$3,EG4<EH4),1,IF(AND(EG$3=EH$3,EG4=EH4),1,0))))) | EJ4: 1 | EK4: 0 | EL4: =IF(OR(ISBLANK(EJ4),ISBLANK(EK4),ISBLANK(EJ$3)),"",IF(AND(EJ4=EJ$3,EK$3=EK4),3,IF(AND(EJ$3>EK$3,EJ4>EK4),1,IF(AND(EJ$3<EK$3,EJ4<EK4),1,IF(AND(EJ$3=EK$3,EJ4=EK4),1,0))))) | EM4: 1 | EN4: 3 | EO4: =IF(OR(ISBLANK(EM4),ISBLANK(EN4),ISBLANK(EM$3)),"",IF(AND(EM4=EM$3,EN$3=EN4),3,IF(AND(EM$3>EN$3,EM4>EN4),1,IF(AND(EM$3<EN$3,EM4<EN4),1,IF(AND(EM$3=EN$3,EM4=EN4),1,0))))) | EP4: 2 | EQ4: 1 | ER4: =IF(OR(ISBLANK(EP4),ISBLANK(EQ4),ISBLANK(EP$3)),"",IF(AND(EP4=EP$3,EQ$3=EQ4),3,IF(AND(EP$3>EQ$3,EP4>EQ4),1,IF(AND(EP$3<EQ$3,EP4<EQ4),1,IF(AND(EP$3=EQ$3,EP4=EQ4),1,0))))) | EU4: =IF(OR(ISBLANK(ES4),ISBLANK(ET4),ISBLANK(ES$3)),"",IF(AND(ES4=ES$3,ET$3=ET4),3,IF(AND(ES$3>ET$3,ES4>ET4),1,IF(AND(ES$3<ET$3,ES4<ET4),1,IF(AND(ES$3=ET$3,ES4=ET4),1,0))))) | EX4: =IF(OR(ISBLANK(EV4),ISBLANK(EW4),ISBLANK(EV$3)),"",IF(AND(EV4=EV$3,EW$3=EW4),3,IF(AND(EV$3>EW$3,EV4>EW4),1,IF(AND(EV$3<EW$3,EV4<EW4),1,IF(AND(EV$3=EW$3,EV4=EW4),1,0))))) | FA4: =IF(OR(ISBLANK(EY4),ISBLANK(EZ4),ISBLANK(EY$3)),"",IF(AND(EY4=EY$3,EZ$3=EZ4),3,IF(AND(EY$3>EZ$3,EY4>EZ4),1,IF(AND(EY$3<EZ$3,EY4<EZ4),1,IF(AND(EY$3=EZ$3,EY4=EZ4),1,0))))) | FD4: =IF(OR(ISBLANK(FB4),ISBLANK(FC4),ISBLANK(FB$3)),"",IF(AND(FB4=FB$3,FC$3=FC4),3,IF(AND(FB$3>FC$3,FB4>FC4),1,IF(AND(FB$3<FC$3,FB4<FC4),1,IF(AND(FB$3=FC$3,FB4=FC4),1,0))))) | FG4: =IF(OR(ISBLANK(FE4),ISBLANK(FF4),ISBLANK(FE$3)),"",IF(AND(FE4=FE$3,FF$3=FF4),3,IF(AND(FE$3>FF$3,FE4>FF4),1,IF(AND(FE$3<FF$3,FE4<FF4),1,IF(AND(FE$3=FF$3,FE4=FF4),1,0))))) | FJ4: =IF(OR(ISBLANK(FH4),ISBLANK(FI4),ISBLANK(FH$3)),"",IF(AND(FH4=FH$3,FI$3=FI4),3,IF(AND(FH$3>FI$3,FH4>FI4),1,IF(AND(FH$3<FI$3,FH4<FI4),1,IF(AND(FH$3=FI$3,FH4=FI4),1,0))))) | FM4: =IF(OR(ISBLANK(FK4),ISBLANK(FL4),ISBLANK(FK$3)),"",IF(AND(FK4=FK$3,FL$3=FL4),3,IF(AND(FK$3>FL$3,FK4>FL4),1,IF(AND(FK$3<FL$3,FK4<FL4),1,IF(AND(FK$3=FL$3,FK4=FL4),1,0))))) | FP4: =IF(OR(ISBLANK(FN4),ISBLANK(FO4),ISBLANK(FN$3)),"",IF(AND(FN4=FN$3,FO$3=FO4),3,IF(AND(FN$3>FO$3,FN4>FO4),1,IF(AND(FN$3<FO$3,FN4<FO4),1,IF(AND(FN$3=FO$3,FN4=FO4),1,0))))) | FS4: =IF(OR(ISBLANK(FQ4),ISBLANK(FR4),ISBLANK(FQ$3)),"",IF(AND(FQ4=FQ$3,FR$3=FR4),3,IF(AND(FQ$3>FR$3,FQ4>FR4),1,IF(AND(FQ$3<FR$3,FQ4<FR4),1,IF(AND(FQ$3=FR$3,FQ4=FR4),1,0))))) | FV4: =IF(OR(ISBLANK(FT4),ISBLANK(FU4),ISBLANK(FT$3)),"",IF(AND(FT4=FT$3,FU$3=FU4),3,IF(AND(FT$3>FU$3,FT4>FU4),1,IF(AND(FT$3<FU$3,FT4<FU4),1,IF(AND(FT$3=FU$3,FT4=FU4),1,0))))) | FY4: =IF(OR(ISBLANK(FW4),ISBLANK(FX4),ISBLANK(FW$3)),"",IF(AND(FW4=FW$3,FX$3=FX4),3,IF(AND(FW$3>FX$3,FW4>FX4),1,IF(AND(FW$3<FX$3,FW4<FX4),1,IF(AND(FW$3=FX$3,FW4=FX4),1,0))))) | GB4: =IF(OR(ISBLANK(FZ4),ISBLANK(GA4),ISBLANK(FZ$3)),"",IF(AND(FZ4=FZ$3,GA$3=GA4),3,IF(AND(FZ$3>GA$3,FZ4>GA4),1,IF(AND(FZ$3<GA$3,FZ4<GA4),1,IF(AND(FZ$3=GA$3,FZ4=GA4),1,0))))) | GE4: =IF(OR(ISBLANK(GC4),ISBLANK(GD4),ISBLANK(GC$3)),"",IF(AND(GC4=GC$3,GD$3=GD4),3,IF(AND(GC$3>GD$3,GC4>GD4),1,IF(AND(GC$3<GD$3,GC4<GD4),1,IF(AND(GC$3=GD$3,GC4=GD4),1,0))))) | GH4: =IF(OR(ISBLANK(GF4),ISBLANK(GG4),ISBLANK(GF$3)),"",IF(AND(GF4=GF$3,GG$3=GG4),3,IF(AND(GF$3>GG$3,GF4>GG4),1,IF(AND(GF$3<GG$3,GF4<GG4),1,IF(AND(GF$3=GG$3,GF4=GG4),1,0))))) | GK4: =IF(OR(ISBLANK(GI4),ISBLANK(GJ4),ISBLANK(GI$3)),"",IF(AND(GI4=GI$3,GJ$3=GJ4),3,IF(AND(GI$3>GJ$3,GI4>GJ4),1,IF(AND(GI$3<GJ$3,GI4<GJ4),1,IF(AND(GI$3=GJ$3,GI4=GJ4),1,0))))) | GN4: =IF(OR(ISBLANK(GL4),ISBLANK(GM4),ISBLANK(GL$3)),"",IF(AND(GL4=GL$3,GM$3=GM4),3,IF(AND(GL$3>GM$3,GL4>GM4),1,IF(AND(GL$3<GM$3,GL4<GM4),1,IF(AND(GL$3=GM$3,GL4=GM4),1,0))))) | GQ4: =IF(OR(ISBLANK(GO4),ISBLANK(GP4),ISBLANK(GO$3)),"",IF(AND(GO4=GO$3,GP$3=GP4),3,IF(AND(GO$3>GP$3,GO4>GP4),1,IF(AND(GO$3<GP$3,GO4<GP4),1,IF(AND(GO$3=GP$3,GO4=GP4),1,0))))) | GT4: =IF(OR(ISBLANK(GR4),ISBLANK(GS4),ISBLANK(GR$3)),"",IF(AND(GR4=GR$3,GS$3=GS4),3,IF(AND(GR$3>GS$3,GR4>GS4),1,IF(AND(GR$3<GS$3,GR4<GS4),1,IF(AND(GR$3=GS$3,GR4=GS4),1,0))))) | GW4: =IF(OR(ISBLANK(GU4),ISBLANK(GV4),ISBLANK(GU$3)),"",IF(AND(GU4=GU$3,GV$3=GV4),3,IF(AND(GU$3>GV$3,GU4>GV4),1,IF(AND(GU$3<GV$3,GU4<GV4),1,IF(AND(GU$3=GV$3,GU4=GV4),1,0))))) | GZ4: =IF(OR(ISBLANK(GX4),ISBLANK(GY4),ISBLANK(GX$3)),"",IF(AND(GX4=GX$3,GY$3=GY4),3,IF(AND(GX$3>GY$3,GX4>GY4),1,IF(AND(GX$3<GY$3,GX4<GY4),1,IF(AND(GX$3=GY$3,GX4=GY4),1,0))))) | HC4: =IF(OR(ISBLANK(HA4),ISBLANK(HB4),ISBLANK(HA$3)),"",IF(AND(HA4=HA$3,HB$3=HB4),3,IF(AND(HA$3>HB$3,HA4>HB4),1,IF(AND(HA$3<HB$3,HA4<HB4),1,IF(AND(HA$3=HB$3,HA4=HB4),1,0))))) | HF4: =IF(OR(ISBLANK(HD4),ISBLANK(HE4),ISBLANK(HD$3)),"",IF(AND(HD4=HD$3,HE$3=HE4),3,IF(AND(HD$3>HE$3,HD4>HE4),1,IF(AND(HD$3<HE$3,HD4<HE4),1,IF(AND(HD$3=HE$3,HD4=HE4),1,0))))) | HI4: =IF(OR(ISBLANK(HG4),ISBLANK(HH4),ISBLANK(HG$3)),"",IF(AND(HG4=HG$3,HH$3=HH4),3,IF(AND(HG$3>HH$3,HG4>HH4),1,IF(AND(HG$3<HH$3,HG4<HH4),1,IF(AND(HG$3=HH$3,HG4=HH4),1,0))))) | HL4: =IF(OR(ISBLANK(HJ4),ISBLANK(HK4),ISBLANK(HJ$3)),"",IF(AND(HJ4=HJ$3,HK$3=HK4),3,IF(AND(HJ$3>HK$3,HJ4>HK4),1,IF(AND(HJ$3<HK$3,HJ4<HK4),1,IF(AND(HJ$3=HK$3,HJ4=HK4),1,0))))) | HO4: =IF(OR(ISBLANK(HM4),ISBLANK(HN4),ISBLANK(HM$3)),"",IF(AND(HM4=HM$3,HN$3=HN4),3,IF(AND(HM$3>HN$3,HM4>HN4),1,IF(AND(HM$3<HN$3,HM4<HN4),1,IF(AND(HM$3=HN$3,HM4=HN4),1,0))))) | HR4: =IF(OR(ISBLANK(HP4),ISBLANK(HQ4),ISBLANK(HP$3)),"",IF(AND(HP4=HP$3,HQ$3=HQ4),3,IF(AND(HP$3>HQ$3,HP4>HQ4),1,IF(AND(HP$3<HQ$3,HP4<HQ4),1,IF(AND(HP$3=HQ$3,HP4=HQ4),1,0))))) | HU4: =IF(OR(ISBLANK(HS4),ISBLANK(HT4),ISBLANK(HS$3)),"",IF(AND(HS4=HS$3,HT$3=HT4),3,IF(AND(HS$3>HT$3,HS4>HT4),1,IF(AND(HS$3<HT$3,HS4<HT4),1,IF(AND(HS$3=HT$3,HS4=HT4),1,0))))) | HX4: =IF(OR(ISBLANK(HV4),ISBLANK(HW4),ISBLANK(HV$3)),"",IF(AND(HV4=HV$3,HW$3=HW4),3,IF(AND(HV$3>HW$3,HV4>HW4),1,IF(AND(HV$3<HW$3,HV4<HW4),1,IF(AND(HV$3=HW$3,HV4=HW4),1,0))))) | IA4: =IF(OR(ISBLANK(HY4),ISBLANK(HZ4),ISBLANK(HY$3)),"",IF(AND(HY4=HY$3,HZ$3=HZ4),3,IF(AND(HY$3>HZ$3,HY4>HZ4),1,IF(AND(HY$3<HZ$3,HY4<HZ4),1,IF(AND(HY$3=HZ$3,HY4=HZ4),1,0))))) | ID4: =IF(OR(ISBLANK(IB4),ISBLANK(IC4),ISBLANK(IB$3)),"",IF(AND(IB4=IB$3,IC$3=IC4),3,IF(AND(IB$3>IC$3,IB4>IC4),1,IF(AND(IB$3<IC$3,IB4<IC4),1,IF(AND(IB$3=IC$3,IB4=IC4),1,0))))) | IG4: =IF(OR(ISBLANK(IE4),ISBLANK(IF4),ISBLANK(IE$3)),"",IF(AND(IE4=IE$3,IF$3=IF4),3,IF(AND(IE$3>IF$3,IE4>IF4),1,IF(AND(IE$3<IF$3,IE4<IF4),1,IF(AND(IE$3=IF$3,IE4=IF4),1,0))))) | IJ4: =IF(OR(ISBLANK(IH4),ISBLANK(II4),ISBLANK(IH$3)),"",IF(AND(IH4=IH$3,II$3=II4),3,IF(AND(IH$3>II$3,IH4>II4),1,IF(AND(IH$3<II$3,IH4<II4),1,IF(AND(IH$3=II$3,IH4=II4),1,0))))) | IM4: =IF(OR(ISBLANK(IK4),ISBLANK(IL4),ISBLANK(IK$3)),"",IF(AND(IK4=IK$3,IL$3=IL4),3,IF(AND(IK$3>IL$3,IK4>IL4),1,IF(AND(IK$3<IL$3,IK4<IL4),1,IF(AND(IK$3=IL$3,IK4=IL4),1,0))))) | IP4: =IF(OR(ISBLANK(IN4),ISBLANK(IO4),ISBLANK(IN$3)),"",IF(AND(IN4=IN$3,IO$3=IO4),3,IF(AND(IN$3>IO$3,IN4>IO4),1,IF(AND(IN$3<IO$3,IN4<IO4),1,IF(AND(IN$3=IO$3,IN4=IO4),1,0))))) | IS4: =IF(OR(ISBLANK(IQ4),ISBLANK(IR4),ISBLANK(IQ$3)),"",IF(AND(IQ4=IQ$3,IR$3=IR4),3,IF(AND(IQ$3>IR$3,IQ4>IR4),1,IF(AND(IQ$3<IR$3,IQ4<IR4),1,IF(AND(IQ$3=IR$3,IQ4=IR4),1,0))))) | IV4: =IF(OR(ISBLANK(IT4),ISBLANK(IU4),ISBLANK(IT$3)),"",IF(AND(IT4=IT$3,IU$3=IU4),3,IF(AND(IT$3>IU$3,IT4>IU4),1,IF(AND(IT$3<IU$3,IT4<IU4),1,IF(AND(IT$3=IU$3,IT4=IU4),1,0))))) | IY4: =IF(OR(ISBLANK(IW4),ISBLANK(IX4),ISBLANK(IW$3)),"",IF(AND(IW4=IW$3,IX$3=IX4),3,IF(AND(IW$3>IX$3,IW4>IX4),1,IF(AND(IW$3<IX$3,IW4<IX4),1,IF(AND(IW$3=IX$3,IW4=IX4),1,0))))) | JB4: =IF(OR(ISBLANK(IZ4),ISBLANK(JA4),ISBLANK(IZ$3)),"",IF(AND(IZ4=IZ$3,JA$3=JA4),3,IF(AND(IZ$3>JA$3,IZ4>JA4),1,IF(AND(IZ$3<JA$3,IZ4<JA4),1,IF(AND(IZ$3=JA$3,IZ4=JA4),1,0))))) | JE4: =IF(OR(ISBLANK(JC4),ISBLANK(JD4),ISBLANK(JC$3)),"",IF(AND(JC4=JC$3,JD$3=JD4),3,IF(AND(JC$3>JD$3,JC4>JD4),1,IF(AND(JC$3<JD$3,JC4<JD4),1,IF(AND(JC$3=JD$3,JC4=JD4),1,0))))) | JH4: =IF(OR(ISBLANK(JF4),ISBLANK(JG4),ISBLANK(JF$3)),"",IF(AND(JF4=JF$3,JG$3=JG4),3,IF(AND(JF$3>JG$3,JF4>JG4),1,IF(AND(JF$3<JG$3,JF4<JG4),1,IF(AND(JF$3=JG$3,JF4=JG4),1,0))))) | JK4: =IF(OR(ISBLANK(JI4),ISBLANK(JJ4),ISBLANK(JI$3)),"",IF(AND(JI4=JI$3,JJ$3=JJ4),3,IF(AND(JI$3>JJ$3,JI4>JJ4),1,IF(AND(JI$3<JJ$3,JI4<JJ4),1,IF(AND(JI$3=JJ$3,JI4=JJ4),1,0))))) | JN4: =IF(OR(ISBLANK(JL4),ISBLANK(JM4),ISBLANK(JL$3)),"",IF(AND(JL4=JL$3,JM$3=JM4),3,IF(AND(JL$3>JM$3,JL4>JM4),1,IF(AND(JL$3<JM$3,JL4<JM4),1,IF(AND(JL$3=JM$3,JL4=JM4),1,0))))) | JQ4: =IF(OR(ISBLANK(JO4),ISBLANK(JP4),ISBLANK(JO$3)),"",IF(AND(JO4=JO$3,JP$3=JP4),3,IF(AND(JO$3>JP$3,JO4>JP4),1,IF(AND(JO$3<JP$3,JO4<JP4),1,IF(AND(JO$3=JP$3,JO4=JP4),1,0))))) | JT4: =IF(OR(ISBLANK(JR4),ISBLANK(JS4),ISBLANK(JR$3)),"",IF(AND(JR4=JR$3,JS$3=JS4),3,IF(AND(JR$3>JS$3,JR4>JS4),1,IF(AND(JR$3<JS$3,JR4<JS4),1,IF(AND(JR$3=JS$3,JR4=JS4),1,0))))) | JW4: =IF(OR(ISBLANK(JU4),ISBLANK(JV4),ISBLANK(JU$3)),"",IF(AND(JU4=JU$3,JV$3=JV4),3,IF(AND(JU$3>JV$3,JU4>JV4),1,IF(AND(JU$3<JV$3,JU4<JV4),1,IF(AND(JU$3=JV$3,JU4=JV4),1,0))))) | JZ4: =IF(OR(ISBLANK(JX4),ISBLANK(JY4),ISBLANK(JX$3)),"",IF(AND(JX4=JX$3,JY$3=JY4),3,IF(AND(JX$3>JY$3,JX4>JY4),1,IF(AND(JX$3<JY$3,JX4<JY4),1,IF(AND(JX$3=JY$3,JX4=JY4),1,0))))) | KC4: =IF(OR(ISBLANK(KA4),ISBLANK(KB4),ISBLANK(KA$3)),"",IF(AND(KA4=KA$3,KB$3=KB4),3,IF(AND(KA$3>KB$3,KA4>KB4),1,IF(AND(KA$3<KB$3,KA4<KB4),1,IF(AND(KA$3=KB$3,KA4=KB4),1,0))))) | KF4: =IF(OR(ISBLANK(KD4),ISBLANK(KE4),ISBLANK(KD$3)),"",IF(AND(KD4=KD$3,KE$3=KE4),3,IF(AND(KD$3>KE$3,KD4>KE4),1,IF(AND(KD$3<KE$3,KD4<KE4),1,IF(AND(KD$3=KE$3,KD4=KE4),1,0))))) | KI4: =IF(OR(ISBLANK(KG4),ISBLANK(KH4),ISBLANK(KG$3)),"",IF(AND(KG4=KG$3,KH$3=KH4),5,IF(AND(KG$3>KH$3,KG4>KH4),1,IF(AND(KG$3<KH$3,KG4<KH4),1,IF(AND(KG$3=KH$3,KG4=KH4),1,0))))) | KL4: =IF(OR(ISBLANK(KJ4),ISBLANK(KK4),ISBLANK(KJ$3)),"",IF(AND(KJ4=KJ$3,KK$3=KK4),5,IF(AND(KJ$3>KK$3,KJ4>KK4),1,IF(AND(KJ$3<KK$3,KJ4<KK4),1,IF(AND(KJ$3=KK$3,KJ4=KK4),1,0))))) | KO4: =IF(OR(ISBLANK(KM4),ISBLANK(KN4),ISBLANK(KM$3)),"",IF(AND(KM4=KM$3,KN$3=KN4),5,IF(AND(KM$3>KN$3,KM4>KN4),1,IF(AND(KM$3<KN$3,KM4<KN4),1,IF(AND(KM$3=KN$3,KM4=KN4),1,0))))) | KR4: =IF(OR(ISBLANK(KP4),ISBLANK(KQ4),ISBLANK(KP$3)),"",IF(AND(KP4=KP$3,KQ$3=KQ4),5,IF(AND(KP$3>KQ$3,KP4>KQ4),1,IF(AND(KP$3<KQ$3,KP4<KQ4),1,IF(AND(KP$3=KQ$3,KP4=KQ4),1,0))))) | KU4: =IF(OR(ISBLANK(KS4),ISBLANK(KT4),ISBLANK(KS$3)),"",IF(AND(KS4=KS$3,KT$3=KT4),5,IF(AND(KS$3>KT$3,KS4>KT4),1,IF(AND(KS$3<KT$3,KS4<KT4),1,IF(AND(KS$3=KT$3,KS4=KT4),1,0))))) | KX4: =IF(OR(ISBLANK(KV4),ISBLANK(KW4),ISBLANK(KV$3)),"",IF(AND(KV4=KV$3,KW$3=KW4),5,IF(AND(KV$3>KW$3,KV4>KW4),1,IF(AND(KV$3<KW$3,KV4<KW4),1,IF(AND(KV$3=KW$3,KV4=KW4),1,0))))) | LA4: =IF(OR(ISBLANK(KY4),ISBLANK(KZ4),ISBLANK(KY$3)),"",IF(AND(KY4=KY$3,KZ$3=KZ4),5,IF(AND(KY$3>KZ$3,KY4>KZ4),1,IF(AND(KY$3<KZ$3,KY4<KZ4),1,IF(AND(KY$3=KZ$3,KY4=KZ4),1,0))))) | LD4: =IF(OR(ISBLANK(LB4),ISBLANK(LC4),ISBLANK(LB$3)),"",IF(AND(LB4=LB$3,LC$3=LC4),5,IF(AND(LB$3>LC$3,LB4>LC4),1,IF(AND(LB$3<LC$3,LB4<LC4),1,IF(AND(LB$3=LC$3,LB4=LC4),1,0))))) | LF4: =IF(ISBLANK(LE4),"",IF(LE2=LE4,5,0)) | LH4: =IF(ISBLANK(LG4),"",IF(LG2=LG4,5,0)) | LJ4: =IF(ISBLANK(LI4),"",IF(LI2=LI4,5,0)) | LL4: =IF(ISBLANK(LK4),"",IF(LK2=LK4,5,0)) | LN4: =IF(ISBLANK(LM4),"",IF(LM2=LM4,5,0))
A5: 2 | B5: JUAN CARLOS GIRALDO GOMEZ | C5: =SUM(G5,J5,M5,P5,S5,V5,Y5,AB5,AE5,AH5,AK5,AN5,AQ5,AT5,AW5,AZ5,BC5,BF5,BI5,BL5,BO5,BR5,BU5,BX5,CA5,CD5,CG5,CJ5,CM5,CP5,CS5,CV5,CY5,DB5,DE5,DH5,DK5,DN5,DQ5,DT5,DW5,DZ5,EC5,EF5,EI5,EL5,EO5,ER5,EU5,EX5,FA5,FD5,FG5,FJ5,FM5,FP5,FS5,FV5,FY5,GB5,GE5,GH5,GK5,GN5,GQ5,GT5,GW5,GZ5,HC5,HF5,HI5,HL5,HO5,HR5,HU5,HX5,IA5,ID5,IG5,IJ5,IM5,IP5,IS5,IV5,IY5,JB5,JE5,JH5,JK5,JN5,JQ5,JT5,JW5,JZ5,KC5,KF5,KI5,KL5,KO5,KR5,KU5,KX5,LA5,LD5,LF5,LH5,LJ5,LL5) -> 20 | D5: =VLOOKUP(B5,polla,2,FALSE) -> 4 | E5: 2 | F5: 1 | G5: =IF(OR(ISBLANK(E5),ISBLANK(F5),ISBLANK(E$3)),"",IF(AND(E5=E$3,F$3=F5),3,IF(AND(E$3>F$3,E5>F5),1,IF(AND(E$3<F$3,E5<F5),1,IF(AND(E$3=F$3,E5=F5),1,0))))) -> 1 | H5: 2 | I5: 1 | J5: =IF(OR(ISBLANK(H5),ISBLANK(I5),ISBLANK(H$3)),"",IF(AND(H5=H$3,I$3=I5),3,IF(AND(H$3>I$3,H5>I5),1,IF(AND(H$3<I$3,H5<I5),1,IF(AND(H$3=I$3,H5=I5),1,0))))) -> 3 | K5: 2 | L5: 1 | M5: =IF(OR(ISBLANK(K5),ISBLANK(L5),ISBLANK(K$3)),"",IF(AND(K5=K$3,L$3=L5),3,IF(AND(K$3>L$3,K5>L5),1,IF(AND(K$3<L$3,K5<L5),1,IF(AND(K$3=L$3,K5=L5),1,0))))) -> 0 | N5: 2 | O5: 2 | P5: =IF(OR(ISBLANK(N5),ISBLANK(O5),ISBLANK(N$3)),"",IF(AND(N5=N$3,O$3=O5),3,IF(AND(N$3>O$3,N5>O5),1,IF(AND(N$3<O$3,N5<O5),1,IF(AND(N$3=O$3,N5=O5),1,0))))) -> 0 | Q5: 0 | R5: 2 | S5: =IF(OR(ISBLANK(Q5),ISBLANK(R5),ISBLANK(Q$3)),"",IF(AND(Q5=Q$3,R$3=R5),3,IF(AND(Q$3>R$3,Q5>R5),1,IF(AND(Q$3<R$3,Q5<R5),1,IF(AND(Q$3=R$3,Q5=R5),1,0))))) -> 0 | T5: 2 | U5: 1 | V5: =IF(OR(ISBLANK(T5),ISBLANK(U5),ISBLANK(T$3)),"",IF(AND(T5=T$3,U$3=U5),3,IF(AND(T$3>U$3,T5>U5),1,IF(AND(T$3<U$3,T5<U5),1,IF(AND(T$3=U$3,T5=U5),1,0))))) -> 0 | W5: 0 | X5: 1 | Y5: =IF(OR(ISBLANK(W5),ISBLANK(X5),ISBLANK(W$3)),"",IF(AND(W5=W$3,X$3=X5),3,IF(AND(W$3>X$3,W5>X5),1,IF(AND(W$3<X$3,W5<X5),1,IF(AND(W$3=X$3,W5=X5),1,0))))) -> 3 | Z5: 0 | AA5: 0 | AB5: =IF(OR(ISBLANK(Z5),ISBLANK(AA5),ISBLANK(Z$3)),"",IF(AND(Z5=Z$3,AA$3=AA5),3,IF(AND(Z$3>AA$3,Z5>AA5),1,IF(AND(Z$3<AA$3,Z5<AA5),1,IF(AND(Z$3=AA$3,Z5=AA5),1,0))))) -> 0 | AC5: 4 | AD5: 0 | AE5: =IF(OR(ISBLANK(AC5),ISBLANK(AD5),ISBLANK(AC$3)),"",IF(AND(AC5=AC$3,AD$3=AD5),3,IF(AND(AC$3>AD$3,AC5>AD5),1,IF(AND(AC$3<AD$3,AC5<AD5),1,IF(AND(AC$3=AD$3,AC5=AD5),1,0))))) -> 1 | AF5: 2 | AG5: 0 | AH5: =IF(OR(ISBLANK(AF5),ISBLANK(AG5),ISBLANK(AF$3)),"",IF(AND(AF5=AF$3,AG$3=AG5),3,IF(AND(AF$3>AG$3,AF5>AG5),1,IF(AND(AF$3<AG$3,AF5<AG5),1,IF(AND(AF$3=AG$3,AF5=AG5),1,0))))) -> 0 | AI5: 1 | AJ5: 1 | AK5: =IF(OR(ISBLANK(AI5),ISBLANK(AJ5),ISBLANK(AI$3)),"",IF(AND(AI5=AI$3,AJ$3=AJ5),3,IF(AND(AI$3>AJ$3,AI5>AJ5),1,IF(AND(AI$3<AJ$3,AI5<AJ5),1,IF(AND(AI$3=AJ$3,AI5=AJ5),1,0))))) -> 0 | AL5: 1 | AM5: 0 | AN5: =IF(OR(ISBLANK(AL5),ISBLANK(AM5),ISBLANK(AL$3)),"",IF(AND(AL5=AL$3,AM$3=AM5),3,IF(AND(AL$3>AM$3,AL5>AM5),1,IF(AND(AL$3<AM$3,AL5<AM5),1,IF(AND(AL$3=AM$3,AL5=AM5),1,0))))) -> 1 | AO5: 3 | AP5: 0 | AQ5: =IF(OR(ISBLANK(AO5),ISBLANK(AP5),ISBLANK(AO$3)),"",IF(AND(AO5=AO$3,AP$3=AP5),3,IF(AND(AO$3>AP$3,AO5>AP5),1,IF(AND(AO$3<AP$3,AO5<AP5),1,IF(AND(AO$3=AP$3,AO5=AP5),1,0))))) -> 0 | AR5: 1 | AS5: 0 | AT5: =IF(OR(ISBLANK(AR5),ISBLANK(AS5),ISBLANK(AR$3)),"",IF(AND(AR5=AR$3,AS$3=AS5),3,IF(AND(AR$3>AS$3,AR5>AS5),1,IF(AND(AR$3<AS$3,AR5<AS5),1,IF(AND(AR$3=AS$3,AR5=AS5),1,0))))) -> 0 | AU5: 0 | AV5: 1 | AW5: =IF(OR(ISBLANK(AU5),ISBLANK(AV5),ISBLANK(AU$3)),"",IF(AND(AU5=AU$3,AV$3=AV5),3,IF(AND(AU$3>AV$3,AU5>AV5),1,IF(AND(AU$3<AV$3,AU5<AV5),1,IF(AND(AU$3=AV$3,AU5=AV5),1,0))))) -> 0 | AX5: 2 | AY5: 0 | AZ5: =IF(OR(ISBLANK(AX5),ISBLANK(AY5),ISBLANK(AX$3)),"",IF(AND(AX5=AX$3,AY$3=AY5),3,IF(AND(AX$3>AY$3,AX5>AY5),1,IF(AND(AX$3<AY$3,AX5<AY5),1,IF(AND(AX$3=AY$3,AX5=AY5),1,0))))) -> 0 | BA5: 3 | BB5: 1 | BC5: =IF(OR(ISBLANK(BA5),ISBLANK(BB5),ISBLANK(BA$3)),"",IF(AND(BA5=BA$3,BB$3=BB5),3,IF(AND(BA$3>BB$3,BA5>BB5),1,IF(AND(BA$3<BB$3,BA5<BB5),1,IF(AND(BA$3=BB$3,BA5=BB5),1,0))))) -> 3 | BD5: 0 | BE5: 3 | BF5: =IF(OR(ISBLANK(BD5),ISBLANK(BE5),ISBLANK(BD$3)),"",IF(AND(BD5=BD$3,BE$3=BE5),3,IF(AND(BD$3>BE$3,BD5>BE5),1,IF(AND(BD$3<BE$3,BD5<BE5),1,IF(AND(BD$3=BE$3,BD5=BE5),1,0))))) -> 1 | BG5: 2 | BH5: 0 | BI5: =IF(OR(ISBLANK(BG5),ISBLANK(BH5),ISBLANK(BG$3)),"",IF(AND(BG5=BG$3,BH$3=BH5),3,IF(AND(BG$3>BH$3,BG5>BH5),1,IF(AND(BG$3<BH$3,BG5<BH5),1,IF(AND(BG$3=BH$3,BG5=BH5),1,0))))) -> 1 | BJ5: 2 | BK5: 0 | BL5: =IF(OR(ISBLANK(BJ5),ISBLANK(BK5),ISBLANK(BJ$3)),"",IF(AND(BJ5=BJ$3,BK$3=BK5),3,IF(AND(BJ$3>BK$3,BJ5>BK5),1,IF(AND(BJ$3<BK$3,BJ5<BK5),1,IF(AND(BJ$3=BK$3,BJ5=BK5),1,0))))) -> 1 | BM5: 2 | BN5: 1 | BO5: =IF(OR(ISBLANK(BM5),ISBLANK(BN5),ISBLANK(BM$3)),"",IF(AND(BM5=BM$3,BN$3=BN5),3,IF(AND(BM$3>BN$3,BM5>BN5),1,IF(AND(BM$3<BN$3,BM5<BN5),1,IF(AND(BM$3=BN$3,BM5=BN5),1,0))))) -> 0 | BP5: 1 | BQ5: 0 | BR5: =IF(OR(ISBLANK(BP5),ISBLANK(BQ5),ISBLANK(BP$3)),"",IF(AND(BP5=BP$3,BQ$3=BQ5),3,IF(AND(BP$3>BQ$3,BP5>BQ5),1,IF(AND(BP$3<BQ$3,BP5<BQ5),1,IF(AND(BP$3=BQ$3,BP5=BQ5),1,0))))) -> 1 | BS5: 1 | BT5: 0 | BU5: =IF(OR(ISBLANK(BS5),ISBLANK(BT5),ISBLANK(BS$3)),"",IF(AND(BS5=BS$3,BT$3=BT5),3,IF(AND(BS$3>BT$3,BS5>BT5),1,IF(AND(BS$3<BT$3,BS5<BT5),1,IF(AND(BS$3=BT$3,BS5=BT5),1,0))))) -> 3 | BV5: 0 | BW5: 2 | BX5: =IF(OR(ISBLANK(BV5),ISBLANK(BW5),ISBLANK(BV$3)),"",IF(AND(BV5=BV$3,BW$3=BW5),3,IF(AND(BV$3>BW$3,BV5>BW5),1,IF(AND(BV$3<BW$3,BV5<BW5),1,IF(AND(BV$3=BW$3,BV5=BW5),1,0))))) -> 1 | BY5: 1 | BZ5: 2 | CA5: =IF(OR(ISBLANK(BY5),ISBLANK(BZ5),ISBLANK(BY$3)),"",IF(AND(BY5=BY$3,BZ$3=BZ5),3,IF(AND(BY$3>BZ$3,BY5>BZ5),1,IF(AND(BY$3<BZ$3,BY5<BZ5),1,IF(AND(BY$3=BZ$3,BY5=BZ5),1,0))))) | CB5: 1 | CC5: 2 | CD5: =IF(OR(ISBLANK(CB5),ISBLANK(CC5),ISBLANK(CB$3)),"",IF(AND(CB5=CB$3,CC$3=CC5),3,IF(AND(CB$3>CC$3,CB5>CC5),1,IF(AND(CB$3<CC$3,CB5<CC5),1,IF(AND(CB$3=CC$3,CB5=CC5),1,0))))) | CE5: 2 | CF5: 1 | CG5: =IF(OR(ISBLANK(CE5),ISBLANK(CF5),ISBLANK(CE$3)),"",IF(AND(CE5=CE$3,CF$3=CF5),3,IF(AND(CE$3>CF$3,CE5>CF5),1,IF(AND(CE$3<CF$3,CE5<CF5),1,IF(AND(CE$3=CF$3,CE5=CF5),1,0))))) | CH5: 1 | CI5: 0 | CJ5: =IF(OR(ISBLANK(CH5),ISBLANK(CI5),ISBLANK(CH$3)),"",IF(AND(CH5=CH$3,CI$3=CI5),3,IF(AND(CH$3>CI$3,CH5>CI5),1,IF(AND(CH$3<CI$3,CH5<CI5),1,IF(AND(CH$3=CI$3,CH5=CI5),1,0))))) | CK5: 3 | CL5: 1 | CM5: =IF(OR(ISBLANK(CK5),ISBLANK(CL5),ISBLANK(CK$3)),"",IF(AND(CK5=CK$3,CL$3=CL5),3,IF(AND(CK$3>CL$3,CK5>CL5),1,IF(AND(CK$3<CL$3,CK5<CL5),1,IF(AND(CK$3=CL$3,CK5=CL5),1,0))))) | CN5: 0 | CO5: 1 | CP5: =IF(OR(ISBLANK(CN5),ISBLANK(CO5),ISBLANK(CN$3)),"",IF(AND(CN5=CN$3,CO$3=CO5),3,IF(AND(CN$3>CO$3,CN5>CO5),1,IF(AND(CN$3<CO$3,CN5<CO5),1,IF(AND(CN$3=CO$3,CN5=CO5),1,0))))) | CQ5: 4 | CR5: 1 | CS5: =IF(OR(ISBLANK(CQ5),ISBLANK(CR5),ISBLANK(CQ$3)),"",IF(AND(CQ5=CQ$3,CR$3=CR5),3,IF(AND(CQ$3>CR$3,CQ5>CR5),1,IF(AND(CQ$3<CR$3,CQ5<CR5),1,IF(AND(CQ$3=CR$3,CQ5=CR5),1,0))))) | CT5: 1 | CU5: 0 | CV5: =IF(OR(ISBLANK(CT5),ISBLANK(CU5),ISBLANK(CT$3)),"",IF(AND(CT5=CT$3,CU$3=CU5),3,IF(AND(CT$3>CU$3,CT5>CU5),1,IF(AND(CT$3<CU$3,CT5<CU5),1,IF(AND(CT$3=CU$3,CT5=CU5),1,0))))) | CW5: 2 | CX5: 1 | CY5: =IF(OR(ISBLANK(CW5),ISBLANK(CX5),ISBLANK(CW$3)),"",IF(AND(CW5=CW$3,CX$3=CX5),3,IF(AND(CW$3>CX$3,CW5>CX5),1,IF(AND(CW$3<CX$3,CW5<CX5),1,IF(AND(CW$3=CX$3,CW5=CX5),1,0))))) | CZ5: 4 | DA5: 1 | DB5: =IF(OR(ISBLANK(CZ5),ISBLANK(DA5),ISBLANK(CZ$3)),"",IF(AND(CZ5=CZ$3,DA$3=DA5),3,IF(AND(CZ$3>DA$3,CZ5>DA5),1,IF(AND(CZ$3<DA$3,CZ5<DA5),1,IF(AND(CZ$3=DA$3,CZ5=DA5),1,0))))) | DC5: 2 | DD5: 0 | DE5: =IF(OR(ISBLANK(DC5),ISBLANK(DD5),ISBLANK(DC$3)),"",IF(AND(DC5=DC$3,DD$3=DD5),3,IF(AND(DC$3>DD$3,DC5>DD5),1,IF(AND(DC$3<DD$3,DC5<DD5),1,IF(AND(DC$3=DD$3,DC5=DD5),1,0))))) | DF5: 1 | DG5: 2 | DH5: =IF(OR(ISBLANK(DF5),ISBLANK(DG5),ISBLANK(DF$3)),"",IF(AND(DF5=DF$3,DG$3=DG5),3,IF(AND(DF$3>DG$3,DF5>DG5),1,IF(AND(DF$3<DG$3,DF5<DG5),1,IF(AND(DF$3=DG$3,DF5=DG5),1,0))))) | DI5: 3 | DJ5: 0 | DK5: =IF(OR(ISBLANK(DI5),ISBLANK(DJ5),ISBLANK(DI$3)),"",IF(AND(DI5=DI$3,DJ$3=DJ5),3,IF(AND(DI$3>DJ$3,DI5>DJ5),1,IF(AND(DI$3<DJ$3,DI5<DJ5),1,IF(AND(DI$3=DJ$3,DI5=DJ5),1,0))))) | DL5: 2 | DM5: 1 | DN5: =IF(OR(ISBLANK(DL5),ISBLANK(DM5),ISBLANK(DL$3)),"",IF(AND(DL5=DL$3,DM$3=DM5),3,IF(AND(DL$3>DM$3,DL5>DM5),1,IF(AND(DL$3<DM$3,DL5<DM5),1,IF(AND(DL$3=DM$3,DL5=DM5),1,0))))) | DO5: 2 | DP5: 1 | DQ5: =IF(OR(ISBLANK(DO5),ISBLANK(DP5),ISBLANK(DO$3)),"",IF(AND(DO5=DO$3,DP$3=DP5),3,IF(AND(DO$3>DP$3,DO5>DP5),1,IF(AND(DO$3<DP$3,DO5<DP5),1,IF(AND(DO$3=DP$3,DO5=DP5),1,0))))) | DR5: 1 | DS5: 2 | DT5: =IF(OR(ISBLANK(DR5),ISBLANK(DS5),ISBLANK(DR$3)),"",IF(AND(DR5=DR$3,DS$3=DS5),3,IF(AND(DR$3>DS$3,DR5>DS5),1,IF(AND(DR$3<DS$3,DR5<DS5),1,IF(AND(DR$3=DS$3,DR5=DS5),1,0))))) | DU5: 3 | DV5: 1 | DW5: =IF(OR(ISBLANK(DU5),ISBLANK(DV5),ISBLANK(DU$3)),"",IF(AND(DU5=DU$3,DV$3=DV5),3,IF(AND(DU$3>DV$3,DU5>DV5),1,IF(AND(DU$3<DV$3,DU5<DV5),1,IF(AND(DU$3=DV$3,DU5=DV5),1,0))))) | DX5: 4 | DY5: 0 | DZ5: =IF(OR(ISBLANK(DX5),ISBLANK(DY5),ISBLANK(DX$3)),"",IF(AND(DX5=DX$3,DY$3=DY5),3,IF(AND(DX$3>DY$3,DX5>DY5),1,IF(AND(DX$3<DY$3,DX5<DY5),1,IF(AND(DX$3=DY$3,DX5=DY5),1,0))))) | EA5: 1 | EB5: 0 | EC5: =IF(OR(ISBLANK(EA5),ISBLANK(EB5),ISBLANK(EA$3)),"",IF(AND(EA5=EA$3,EB$3=EB5),3,IF(AND(EA$3>EB$3,EA5>EB5),1,IF(AND(EA$3<EB$3,EA5<EB5),1,IF(AND(EA$3=EB$3,EA5=EB5),1,0))))) | ED5: 0 | EE5: 1 | EF5: =IF(OR(ISBLANK(ED5),ISBLANK(EE5),ISBLANK(ED$3)),"",IF(AND(ED5=ED$3,EE$3=EE5),3,IF(AND(ED$3>EE$3,ED5>EE5),1,IF(AND(ED$3<EE$3,ED5<EE5),1,IF(AND(ED$3=EE$3,ED5=EE5),1,0))))) | EG5: 2 | EH5: 0 | EI5: =IF(OR(ISBLANK(EG5),ISBLANK(EH5),ISBLANK(EG$3)),"",IF(AND(EG5=EG$3,EH$3=EH5),3,IF(AND(EG$3>EH$3,EG5>EH5),1,IF(AND(EG$3<EH$3,EG5<EH5),1,IF(AND(EG$3=EH$3,EG5=EH5),1,0))))) | EJ5: 2 | EK5: 0 | EL5: =IF(OR(ISBLANK(EJ5),ISBLANK(EK5),ISBLANK(EJ$3)),"",IF(AND(EJ5=EJ$3,EK$3=EK5),3,IF(AND(EJ$3>EK$3,EJ5>EK5),1,IF(AND(EJ$3<EK$3,EJ5<EK5),1,IF(AND(EJ$3=EK$3,EJ5=EK5),1,0))))) | EM5: 0 | EN5: 2 | EO5: =IF(OR(ISBLANK(EM5),ISBLANK(EN5),ISBLANK(EM$3)),"",IF(AND(EM5=EM$3,EN$3=EN5),3,IF(AND(EM$3>EN$3,EM5>EN5),1,IF(AND(EM$3<EN$3,EM5<EN5),1,IF(AND(EM$3=EN$3,EM5=EN5),1,0))))) | EP5: 2 | EQ5: 1 | ER5: =IF(OR(ISBLANK(EP5),ISBLANK(EQ5),ISBLANK(EP$3)),"",IF(AND(EP5=EP$3,EQ$3=EQ5),3,IF(AND(EP$3>EQ$3,EP5>EQ5),1,IF(AND(EP$3<EQ$3,EP5<EQ5),1,IF(AND(EP$3=EQ$3,EP5=EQ5),1,0))))) | EU5: =IF(OR(ISBLANK(ES5),ISBLANK(ET5),ISBLANK(ES$3)),"",IF(AND(ES5=ES$3,ET$3=ET5),3,IF(AND(ES$3>ET$3,ES5>ET5),1,IF(AND(ES$3<ET$3,ES5<ET5),1,IF(AND(ES$3=ET$3,ES5=ET5),1,0))))) | EX5: =IF(OR(ISBLANK(EV5),ISBLANK(EW5),ISBLANK(EV$3)),"",IF(AND(EV5=EV$3,EW$3=EW5),3,IF(AND(EV$3>EW$3,EV5>EW5),1,IF(AND(EV$3<EW$3,EV5<EW5),1,IF(AND(EV$3=EW$3,EV5=EW5),1,0))))) | FA5: =IF(OR(ISBLANK(EY5),ISBLANK(EZ5),ISBLANK(EY$3)),"",IF(AND(EY5=EY$3,EZ$3=EZ5),3,IF(AND(EY$3>EZ$3,EY5>EZ5),1,IF(AND(EY$3<EZ$3,EY5<EZ5),1,IF(AND(EY$3=EZ$3,EY5=EZ5),1,0))))) | FD5: =IF(OR(ISBLANK(FB5),ISBLANK(FC5),ISBLANK(FB$3)),"",IF(AND(FB5=FB$3,FC$3=FC5),3,IF(AND(FB$3>FC$3,FB5>FC5),1,IF(AND(FB$3<FC$3,FB5<FC5),1,IF(AND(FB$3=FC$3,FB5=FC5),1,0))))) | FG5: =IF(OR(ISBLANK(FE5),ISBLANK(FF5),ISBLANK(FE$3)),"",IF(AND(FE5=FE$3,FF$3=FF5),3,IF(AND(FE$3>FF$3,FE5>FF5),1,IF(AND(FE$3<FF$3,FE5<FF5),1,IF(AND(FE$3=FF$3,FE5=FF5),1,0))))) | FJ5: =IF(OR(ISBLANK(FH5),ISBLANK(FI5),ISBLANK(FH$3)),"",IF(AND(FH5=FH$3,FI$3=FI5),3,IF(AND(FH$3>FI$3,FH5>FI5),1,IF(AND(FH$3<FI$3,FH5<FI5),1,IF(AND(FH$3=FI$3,FH5=FI5),1,0))))) | FM5: =IF(OR(ISBLANK(FK5),ISBLANK(FL5),ISBLANK(FK$3)),"",IF(AND(FK5=FK$3,FL$3=FL5),3,IF(AND(FK$3>FL$3,FK5>FL5),1,IF(AND(FK$3<FL$3,FK5<FL5),1,IF(AND(FK$3=FL$3,FK5=FL5),1,0))))) | FP5: =IF(OR(ISBLANK(FN5),ISBLANK(FO5),ISBLANK(FN$3)),"",IF(AND(FN5=FN$3,FO$3=FO5),3,IF(AND(FN$3>FO$3,FN5>FO5),1,IF(AND(FN$3<FO$3,FN5<FO5),1,IF(AND(FN$3=FO$3,FN5=FO5),1,0))))) | FS5: =IF(OR(ISBLANK(FQ5),ISBLANK(FR5),ISBLANK(FQ$3)),"",IF(AND(FQ5=FQ$3,FR$3=FR5),3,IF(AND(FQ$3>FR$3,FQ5>FR5),1,IF(AND(FQ$3<FR$3,FQ5<FR5),1,IF(AND(FQ$3=FR$3,FQ5=FR5),1,0))))) | FV5: =IF(OR(ISBLANK(FT5),ISBLANK(FU5),ISBLANK(FT$3)),"",IF(AND(FT5=FT$3,FU$3=FU5),3,IF(AND(FT$3>FU$3,FT5>FU5),1,IF(AND(FT$3<FU$3,FT5<FU5),1,IF(AND(FT$3=FU$3,FT5=FU5),1,0))))) | FY5: =IF(OR(ISBLANK(FW5),ISBLANK(FX5),ISBLANK(FW$3)),"",IF(AND(FW5=FW$3,FX$3=FX5),3,IF(AND(FW$3>FX$3,FW5>FX5),1,IF(AND(FW$3<FX$3,FW5<FX5),1,IF(AND(FW$3=FX$3,FW5=FX5),1,0))))) | GB5: =IF(OR(ISBLANK(FZ5),ISBLANK(GA5),ISBLANK(FZ$3)),"",IF(AND(FZ5=FZ$3,GA$3=GA5),3,IF(AND(FZ$3>GA$3,FZ5>GA5),1,IF(AND(FZ$3<GA$3,FZ5<GA5),1,IF(AND(FZ$3=GA$3,FZ5=GA5),1,0))))) | GE5: =IF(OR(ISBLANK(GC5),ISBLANK(GD5),ISBLANK(GC$3)),"",IF(AND(GC5=GC$3,GD$3=GD5),3,IF(AND(GC$3>GD$3,GC5>GD5),1,IF(AND(GC$3<GD$3,GC5<GD5),1,IF(AND(GC$3=GD$3,GC5=GD5),1,0))))) | GH5: =IF(OR(ISBLANK(GF5),ISBLANK(GG5),ISBLANK(GF$3)),"",IF(AND(GF5=GF$3,GG$3=GG5),3,IF(AND(GF$3>GG$3,GF5>GG5),1,IF(AND(GF$3<GG$3,GF5<GG5),1,IF(AND(GF$3=GG$3,GF5=GG5),1,0))))) | GK5: =IF(OR(ISBLANK(GI5),ISBLANK(GJ5),ISBLANK(GI$3)),"",IF(AND(GI5=GI$3,GJ$3=GJ5),3,IF(AND(GI$3>GJ$3,GI5>GJ5),1,IF(AND(GI$3<GJ$3,GI5<GJ5),1,IF(AND(GI$3=GJ$3,GI5=GJ5),1,0))))) | GN5: =IF(OR(ISBLANK(GL5),ISBLANK(GM5),ISBLANK(GL$3)),"",IF(AND(GL5=GL$3,GM$3=GM5),3,IF(AND(GL$3>GM$3,GL5>GM5),1,IF(AND(GL$3<GM$3,GL5<GM5),1,IF(AND(GL$3=GM$3,GL5=GM5),1,0))))) | GQ5: =IF(OR(ISBLANK(GO5),ISBLANK(GP5),ISBLANK(GO$3)),"",IF(AND(GO5=GO$3,GP$3=GP5),3,IF(AND(GO$3>GP$3,GO5>GP5),1,IF(AND(GO$3<GP$3,GO5<GP5),1,IF(AND(GO$3=GP$3,GO5=GP5),1,0))))) | GT5: =IF(OR(ISBLANK(GR5),ISBLANK(GS5),ISBLANK(GR$3)),"",IF(AND(GR5=GR$3,GS$3=GS5),3,IF(AND(GR$3>GS$3,GR5>GS5),1,IF(AND(GR$3<GS$3,GR5<GS5),1,IF(AND(GR$3=GS$3,GR5=GS5),1,0))))) | GW5: =IF(OR(ISBLANK(GU5),ISBLANK(GV5),ISBLANK(GU$3)),"",IF(AND(GU5=GU$3,GV$3=GV5),3,IF(AND(GU$3>GV$3,GU5>GV5),1,IF(AND(GU$3<GV$3,GU5<GV5),1,IF(AND(GU$3=GV$3,GU5=GV5),1,0))))) | GZ5: =IF(OR(ISBLANK(GX5),ISBLANK(GY5),ISBLANK(GX$3)),"",IF(AND(GX5=GX$3,GY$3=GY5),3,IF(AND(GX$3>GY$3,GX5>GY5),1,IF(AND(GX$3<GY$3,GX5<GY5),1,IF(AND(GX$3=GY$3,GX5=GY5),1,0))))) | HC5: =IF(OR(ISBLANK(HA5),ISBLANK(HB5),ISBLANK(HA$3)),"",IF(AND(HA5=HA$3,HB$3=HB5),3,IF(AND(HA$3>HB$3,HA5>HB5),1,IF(AND(HA$3<HB$3,HA5<HB5),1,IF(AND(HA$3=HB$3,HA5=HB5),1,0))))) | HF5: =IF(OR(ISBLANK(HD5),ISBLANK(HE5),ISBLANK(HD$3)),"",IF(AND(HD5=HD$3,HE$3=HE5),3,IF(AND(HD$3>HE$3,HD5>HE5),1,IF(AND(HD$3<HE$3,HD5<HE5),1,IF(AND(HD$3=HE$3,HD5=HE5),1,0))))) | HI5: =IF(OR(ISBLANK(HG5),ISBLANK(HH5),ISBLANK(HG$3)),"",IF(AND(HG5=HG$3,HH$3=HH5),3,IF(AND(HG$3>HH$3,HG5>HH5),1,IF(AND(HG$3<HH$3,HG5<HH5),1,IF(AND(HG$3=HH$3,HG5=HH5),1,0))))) | HL5: =IF(OR(ISBLANK(HJ5),ISBLANK(HK5),ISBLANK(HJ$3)),"",IF(AND(HJ5=HJ$3,HK$3=HK5),3,IF(AND(HJ$3>HK$3,HJ5>HK5),1,IF(AND(HJ$3<HK$3,HJ5<HK5),1,IF(AND(HJ$3=HK$3,HJ5=HK5),1,0))))) | HO5: =IF(OR(ISBLANK(HM5),ISBLANK(HN5),ISBLANK(HM$3)),"",IF(AND(HM5=HM$3,HN$3=HN5),3,IF(AND(HM$3>HN$3,HM5>HN5),1,IF(AND(HM$3<HN$3,HM5<HN5),1,IF(AND(HM$3=HN$3,HM5=HN5),1,0))))) | HR5: =IF(OR(ISBLANK(HP5),ISBLANK(HQ5),ISBLANK(HP$3)),"",IF(AND(HP5=HP$3,HQ$3=HQ5),3,IF(AND(HP$3>HQ$3,HP5>HQ5),1,IF(AND(HP$3<HQ$3,HP5<HQ5),1,IF(AND(HP$3=HQ$3,HP5=HQ5),1,0))))) | HU5: =IF(OR(ISBLANK(HS5),ISBLANK(HT5),ISBLANK(HS$3)),"",IF(AND(HS5=HS$3,HT$3=HT5),3,IF(AND(HS$3>HT$3,HS5>HT5),1,IF(AND(HS$3<HT$3,HS5<HT5),1,IF(AND(HS$3=HT$3,HS5=HT5),1,0))))) | HX5: =IF(OR(ISBLANK(HV5),ISBLANK(HW5),ISBLANK(HV$3)),"",IF(AND(HV5=HV$3,HW$3=HW5),3,IF(AND(HV$3>HW$3,HV5>HW5),1,IF(AND(HV$3<HW$3,HV5<HW5),1,IF(AND(HV$3=HW$3,HV5=HW5),1,0))))) | IA5: =IF(OR(ISBLANK(HY5),ISBLANK(HZ5),ISBLANK(HY$3)),"",IF(AND(HY5=HY$3,HZ$3=HZ5),3,IF(AND(HY$3>HZ$3,HY5>HZ5),1,IF(AND(HY$3<HZ$3,HY5<HZ5),1,IF(AND(HY$3=HZ$3,HY5=HZ5),1,0))))) | ID5: =IF(OR(ISBLANK(IB5),ISBLANK(IC5),ISBLANK(IB$3)),"",IF(AND(IB5=IB$3,IC$3=IC5),3,IF(AND(IB$3>IC$3,IB5>IC5),1,IF(AND(IB$3<IC$3,IB5<IC5),1,IF(AND(IB$3=IC$3,IB5=IC5),1,0))))) | IG5: =IF(OR(ISBLANK(IE5),ISBLANK(IF5),ISBLANK(IE$3)),"",IF(AND(IE5=IE$3,IF$3=IF5),3,IF(AND(IE$3>IF$3,IE5>IF5),1,IF(AND(IE$3<IF$3,IE5<IF5),1,IF(AND(IE$3=IF$3,IE5=IF5),1,0))))) | IJ5: =IF(OR(ISBLANK(IH5),ISBLANK(II5),ISBLANK(IH$3)),"",IF(AND(IH5=IH$3,II$3=II5),3,IF(AND(IH$3>II$3,IH5>II5),1,IF(AND(IH$3<II$3,IH5<II5),1,IF(AND(IH$3=II$3,IH5=II5),1,0))))) | IM5: =IF(OR(ISBLANK(IK5),ISBLANK(IL5),ISBLANK(IK$3)),"",IF(AND(IK5=IK$3,IL$3=IL5),3,IF(AND(IK$3>IL$3,IK5>IL5),1,IF(AND(IK$3<IL$3,IK5<IL5),1,IF(AND(IK$3=IL$3,IK5=IL5),1,0))))) | IP5: =IF(OR(ISBLANK(IN5),ISBLANK(IO5),ISBLANK(IN$3)),"",IF(AND(IN5=IN$3,IO$3=IO5),3,IF(AND(IN$3>IO$3,IN5>IO5),1,IF(AND(IN$3<IO$3,IN5<IO5),1,IF(AND(IN$3=IO$3,IN5=IO5),1,0))))) | IS5: =IF(OR(ISBLANK(IQ5),ISBLANK(IR5),ISBLANK(IQ$3)),"",IF(AND(IQ5=IQ$3,IR$3=IR5),3,IF(AND(IQ$3>IR$3,IQ5>IR5),1,IF(AND(IQ$3<IR$3,IQ5<IR5),1,IF(AND(IQ$3=IR$3,IQ5=IR5),1,0))))) | IV5: =IF(OR(ISBLANK(IT5),ISBLANK(IU5),ISBLANK(IT$3)),"",IF(AND(IT5=IT$3,IU$3=IU5),3,IF(AND(IT$3>IU$3,IT5>IU5),1,IF(AND(IT$3<IU$3,IT5<IU5),1,IF(AND(IT$3=IU$3,IT5=IU5),1,0))))) | IY5: =IF(OR(ISBLANK(IW5),ISBLANK(IX5),ISBLANK(IW$3)),"",IF(AND(IW5=IW$3,IX$3=IX5),3,IF(AND(IW$3>IX$3,IW5>IX5),1,IF(AND(IW$3<IX$3,IW5<IX5),1,IF(AND(IW$3=IX$3,IW5=IX5),1,0))))) | JB5: =IF(OR(ISBLANK(IZ5),ISBLANK(JA5),ISBLANK(IZ$3)),"",IF(AND(IZ5=IZ$3,JA$3=JA5),3,IF(AND(IZ$3>JA$3,IZ5>JA5),1,IF(AND(IZ$3<JA$3,IZ5<JA5),1,IF(AND(IZ$3=JA$3,IZ5=JA5),1,0))))) | JE5: =IF(OR(ISBLANK(JC5),ISBLANK(JD5),ISBLANK(JC$3)),"",IF(AND(JC5=JC$3,JD$3=JD5),3,IF(AND(JC$3>JD$3,JC5>JD5),1,IF(AND(JC$3<JD$3,JC5<JD5),1,IF(AND(JC$3=JD$3,JC5=JD5),1,0))))) | JH5: =IF(OR(ISBLANK(JF5),ISBLANK(JG5),ISBLANK(JF$3)),"",IF(AND(JF5=JF$3,JG$3=JG5),3,IF(AND(JF$3>JG$3,JF5>JG5),1,IF(AND(JF$3<JG$3,JF5<JG5),1,IF(AND(JF$3=JG$3,JF5=JG5),1,0))))) | JK5: =IF(OR(ISBLANK(JI5),ISBLANK(JJ5),ISBLANK(JI$3)),"",IF(AND(JI5=JI$3,JJ$3=JJ5),3,IF(AND(JI$3>JJ$3,JI5>JJ5),1,IF(AND(JI$3<JJ$3,JI5<JJ5),1,IF(AND(JI$3=JJ$3,JI5=JJ5),1,0))))) | JN5: =IF(OR(ISBLANK(JL5),ISBLANK(JM5),ISBLANK(JL$3)),"",IF(AND(JL5=JL$3,JM$3=JM5),3,IF(AND(JL$3>JM$3,JL5>JM5),1,IF(AND(JL$3<JM$3,JL5<JM5),1,IF(AND(JL$3=JM$3,JL5=JM5),1,0))))) | JQ5: =IF(OR(ISBLANK(JO5),ISBLANK(JP5),ISBLANK(JO$3)),"",IF(AND(JO5=JO$3,JP$3=JP5),3,IF(AND(JO$3>JP$3,JO5>JP5),1,IF(AND(JO$3<JP$3,JO5<JP5),1,IF(AND(JO$3=JP$3,JO5=JP5),1,0))))) | JT5: =IF(OR(ISBLANK(JR5),ISBLANK(JS5),ISBLANK(JR$3)),"",IF(AND(JR5=JR$3,JS$3=JS5),3,IF(AND(JR$3>JS$3,JR5>JS5),1,IF(AND(JR$3<JS$3,JR5<JS5),1,IF(AND(JR$3=JS$3,JR5=JS5),1,0))))) | JW5: =IF(OR(ISBLANK(JU5),ISBLANK(JV5),ISBLANK(JU$3)),"",IF(AND(JU5=JU$3,JV$3=JV5),3,IF(AND(JU$3>JV$3,JU5>JV5),1,IF(AND(JU$3<JV$3,JU5<JV5),1,IF(AND(JU$3=JV$3,JU5=JV5),1,0))))) | JZ5: =IF(OR(ISBLANK(JX5),ISBLANK(JY5),ISBLANK(JX$3)),"",IF(AND(JX5=JX$3,JY$3=JY5),3,IF(AND(JX$3>JY$3,JX5>JY5),1,IF(AND(JX$3<JY$3,JX5<JY5),1,IF(AND(JX$3=JY$3,JX5=JY5),1,0))))) | KC5: =IF(OR(ISBLANK(KA5),ISBLANK(KB5),ISBLANK(KA$3)),"",IF(AND(KA5=KA$3,KB$3=KB5),3,IF(AND(KA$3>KB$3,KA5>KB5),1,IF(AND(KA$3<KB$3,KA5<KB5),1,IF(AND(KA$3=KB$3,KA5=KB5),1,0))))) | KF5: =IF(OR(ISBLANK(KD5),ISBLANK(KE5),ISBLANK(KD$3)),"",IF(AND(KD5=KD$3,KE$3=KE5),3,IF(AND(KD$3>KE$3,KD5>KE5),1,IF(AND(KD$3<KE$3,KD5<KE5),1,IF(AND(KD$3=KE$3,KD5=KE5),1,0))))) | KI5: =IF(OR(ISBLANK(KG5),ISBLANK(KH5),ISBLANK(KG$3)),"",IF(AND(KG5=KG$3,KH$3=KH5),5,IF(AND(KG$3>KH$3,KG5>KH5),1,IF(AND(KG$3<KH$3,KG5<KH5),1,IF(AND(KG$3=KH$3,KG5=KH5),1,0))))) | KL5: =IF(OR(ISBLANK(KJ5),ISBLANK(KK5),ISBLANK(KJ$3)),"",IF(AND(KJ5=KJ$3,KK$3=KK5),5,IF(AND(KJ$3>KK$3,KJ5>KK5),1,IF(AND(KJ$3<KK$3,KJ5<KK5),1,IF(AND(KJ$3=KK$3,KJ5=KK5),1,0))))) | KO5: =IF(OR(ISBLANK(KM5),ISBLANK(KN5),ISBLANK(KM$3)),"",IF(AND(KM5=KM$3,KN$3=KN5),5,IF(AND(KM$3>KN$3,KM5>KN5),1,IF(AND(KM$3<KN$3,KM5<KN5),1,IF(AND(KM$3=KN$3,KM5=KN5),1,0))))) | KR5: =IF(OR(ISBLANK(KP5),ISBLANK(KQ5),ISBLANK(KP$3)),"",IF(AND(KP5=KP$3,KQ$3=KQ5),5,IF(AND(KP$3>KQ$3,KP5>KQ5),1,IF(AND(KP$3<KQ$3,KP5<KQ5),1,IF(AND(KP$3=KQ$3,KP5=KQ5),1,0))))) | KU5: =IF(OR(ISBLANK(KS5),ISBLANK(KT5),ISBLANK(KS$3)),"",IF(AND(KS5=KS$3,KT$3=KT5),5,IF(AND(KS$3>KT$3,KS5>KT5),1,IF(AND(KS$3<KT$3,KS5<KT5),1,IF(AND(KS$3=KT$3,KS5=KT5),1,0))))) | KX5: =IF(OR(ISBLANK(KV5),ISBLANK(KW5),ISBLANK(KV$3)),"",IF(AND(KV5=KV$3,KW$3=KW5),5,IF(AND(KV$3>KW$3,KV5>KW5),1,IF(AND(KV$3<KW$3,KV5<KW5),1,IF(AND(KV$3=KW$3,KV5=KW5),1,0))))) | LA5: =IF(OR(ISBLANK(KY5),ISBLANK(KZ5),ISBLANK(KY$3)),"",IF(AND(KY5=KY$3,KZ$3=KZ5),5,IF(AND(KY$3>KZ$3,KY5>KZ5),1,IF(AND(KY$3<KZ$3,KY5<KZ5),1,IF(AND(KY$3=KZ$3,KY5=KZ5),1,0))))) | LD5: =IF(OR(ISBLANK(LB5),ISBLANK(LC5),ISBLANK(LB$3)),"",IF(AND(LB5=LB$3,LC$3=LC5),5,IF(AND(LB$3>LC$3,LB5>LC5),1,IF(AND(LB$3<LC$3,LB5<LC5),1,IF(AND(LB$3=LC$3,LB5=LC5),1,0))))) | LF5: =IF(ISBLANK(LE5),"",IF(LE3=LE5,5,0)) | LH5: =IF(ISBLANK(LG5),"",IF(LG3=LG5,5,0)) | LJ5: =IF(ISBLANK(LI5),"",IF(LI3=LI5,5,0)) | LL5: =IF(ISBLANK(LK5),"",IF(LK3=LK5,5,0)) | LN5: =IF(ISBLANK(LM5),"",IF(LM3=LM5,5,0))
A6: 3 | B6: Jairo Andrés Sarmiento Giraldo | C6: =SUM(G6,J6,M6,P6,S6,V6,Y6,AB6,AE6,AH6,AK6,AN6,AQ6,AT6,AW6,AZ6,BC6,BF6,BI6,BL6,BO6,BR6,BU6,BX6,CA6,CD6,CG6,CJ6,CM6,CP6,CS6,CV6,CY6,DB6,DE6,DH6,DK6,DN6,DQ6,DT6,DW6,DZ6,EC6,EF6,EI6,EL6,EO6,ER6,EU6,EX6,FA6,FD6,FG6,FJ6,FM6,FP6,FS6,FV6,FY6,GB6,GE6,GH6,GK6,GN6,GQ6,GT6,GW6,GZ6,HC6,HF6,HI6,HL6,HO6,HR6,HU6,HX6,IA6,ID6,IG6,IJ6,IM6,IP6,IS6,IV6,IY6,JB6,JE6,JH6,JK6,JN6,JQ6,JT6,JW6,JZ6,KC6,KF6,KI6,KL6,KO6,KR6,KU6,KX6,LA6,LD6,LF6,LH6,LJ6,LL6) -> 18 | D6: =VLOOKUP(B6,polla,2,FALSE) -> 3 | E6: 2 | F6: 0 | G6: =IF(OR(ISBLANK(E6),ISBLANK(F6),ISBLANK(E$3)),"",IF(AND(E6=E$3,F$3=F6),3,IF(AND(E$3>F$3,E6>F6),1,IF(AND(E$3<F$3,E6<F6),1,IF(AND(E$3=F$3,E6=F6),1,0))))) -> 3 | H6: 1 | I6: 1 | J6: =IF(OR(ISBLANK(H6),ISBLANK(I6),ISBLANK(H$3)),"",IF(AND(H6=H$3,I$3=I6),3,IF(AND(H$3>I$3,H6>I6),1,IF(AND(H$3<I$3,H6<I6),1,IF(AND(H$3=I$3,H6=I6),1,0))))) -> 0 | K6: 1 | L6: 1 | M6: =IF(OR(ISBLANK(K6),ISBLANK(L6),ISBLANK(K$3)),"",IF(AND(K6=K$3,L$3=L6),3,IF(AND(K$3>L$3,K6>L6),1,IF(AND(K$3<L$3,K6<L6),1,IF(AND(K$3=L$3,K6=L6),1,0))))) -> 3 | N6: 1 | O6: 1 | P6: =IF(OR(ISBLANK(N6),ISBLANK(O6),ISBLANK(N$3)),"",IF(AND(N6=N$3,O$3=O6),3,IF(AND(N$3>O$3,N6>O6),1,IF(AND(N$3<O$3,N6<O6),1,IF(AND(N$3=O$3,N6=O6),1,0))))) -> 0 | Q6: 0 | R6: 2 | S6: =IF(OR(ISBLANK(Q6),ISBLANK(R6),ISBLANK(Q$3)),"",IF(AND(Q6=Q$3,R$3=R6),3,IF(AND(Q$3>R$3,Q6>R6),1,IF(AND(Q$3<R$3,Q6<R6),1,IF(AND(Q$3=R$3,Q6=R6),1,0))))) -> 0 | T6: 2 | U6: 1 | V6: =IF(OR(ISBLANK(T6),ISBLANK(U6),ISBLANK(T$3)),"",IF(AND(T6=T$3,U$3=U6),3,IF(AND(T$3>U$3,T6>U6),1,IF(AND(T$3<U$3,T6<U6),1,IF(AND(T$3=U$3,T6=U6),1,0))))) -> 0 | W6: 0 | X6: 2 | Y6: =IF(OR(ISBLANK(W6),ISBLANK(X6),ISBLANK(W$3)),"",IF(AND(W6=W$3,X$3=X6),3,IF(AND(W$3>X$3,W6>X6),1,IF(AND(W$3<X$3,W6<X6),1,IF(AND(W$3=X$3,W6=X6),1,0))))) -> 1 | Z6: 1 | AA6: 1 | AB6: =IF(OR(ISBLANK(Z6),ISBLANK(AA6),ISBLANK(Z$3)),"",IF(AND(Z6=Z$3,AA$3=AA6),3,IF(AND(Z$3>AA$3,Z6>AA6),1,IF(AND(Z$3<AA$3,Z6<AA6),1,IF(AND(Z$3=AA$3,Z6=AA6),1,0))))) -> 0 | AC6: 4 | AD6: 0 | AE6: =IF(OR(ISBLANK(AC6),ISBLANK(AD6),ISBLANK(AC$3)),"",IF(AND(AC6=AC$3,AD$3=AD6),3,IF(AND(AC$3>AD$3,AC6>AD6),1,IF(AND(AC$3<AD$3,AC6<AD6),1,IF(AND(AC$3=AD$3,AC6=AD6),1,0))))) -> 1 | AF6: 2 | AG6: 1 | AH6: =IF(OR(ISBLANK(AF6),ISBLANK(AG6),ISBLANK(AF$3)),"",IF(AND(AF6=AF$3,AG$3=AG6),3,IF(AND(AF$3>AG$3,AF6>AG6),1,IF(AND(AF$3<AG$3,AF6<AG6),1,IF(AND(AF$3=AG$3,AF6=AG6),1,0))))) -> 0 | AI6: 1 | AJ6: 1 | AK6: =IF(OR(ISBLANK(AI6),ISBLANK(AJ6),ISBLANK(AI$3)),"",IF(AND(AI6=AI$3,AJ$3=AJ6),3,IF(AND(AI$3>AJ$3,AI6>AJ6),1,IF(AND(AI$3<AJ$3,AI6<AJ6),1,IF(AND(AI$3=AJ$3,AI6=AJ6),1,0))))) -> 0 | AL6: 1 | AM6: 0 | AN6: =IF(OR(ISBLANK(AL6),ISBLANK(AM6),ISBLANK(AL$3)),"",IF(AND(AL6=AL$3,AM$3=AM6),3,IF(AND(AL$3>AM$3,AL6>AM6),1,IF(AND(AL$3<AM$3,AL6<AM6),1,IF(AND(AL$3=AM$3,AL6=AM6),1,0))))) -> 1 | AO6: 3 | AP6: 0 | AQ6: =IF(OR(ISBLANK(AO6),ISBLANK(AP6),ISBLANK(AO$3)),"",IF(AND(AO6=AO$3,AP$3=AP6),3,IF(AND(AO$3>AP$3,AO6>AP6),1,IF(AND(AO$3<AP$3,AO6<AP6),1,IF(AND(AO$3=AP$3,AO6=AP6),1,0))))) -> 0 | AR6: 2 | AS6: 0 | AT6: =IF(OR(ISBLANK(AR6),ISBLANK(AS6),ISBLANK(AR$3)),"",IF(AND(AR6=AR$3,AS$3=AS6),3,IF(AND(AR$3>AS$3,AR6>AS6),1,IF(AND(AR$3<AS$3,AR6<AS6),1,IF(AND(AR$3=AS$3,AR6=AS6),1,0))))) -> 0 | AU6: 0 | AV6: 2 | AW6: =IF(OR(ISBLANK(AU6),ISBLANK(AV6),ISBLANK(AU$3)),"",IF(AND(AU6=AU$3,AV$3=AV6),3,IF(AND(AU$3>AV$3,AU6>AV6),1,IF(AND(AU$3<AV$3,AU6<AV6),1,IF(AND(AU$3=AV$3,AU6=AV6),1,0))))) -> 0 | AX6: 2 | AY6: 0 | AZ6: =IF(OR(ISBLANK(AX6),ISBLANK(AY6),ISBLANK(AX$3)),"",IF(AND(AX6=AX$3,AY$3=AY6),3,IF(AND(AX$3>AY$3,AX6>AY6),1,IF(AND(AX$3<AY$3,AX6<AY6),1,IF(AND(AX$3=AY$3,AX6=AY6),1,0))))) -> 0 | BA6: 2 | BB6: 1 | BC6: =IF(OR(ISBLANK(BA6),ISBLANK(BB6),ISBLANK(BA$3)),"",IF(AND(BA6=BA$3,BB$3=BB6),3,IF(AND(BA$3>BB$3,BA6>BB6),1,IF(AND(BA$3<BB$3,BA6<BB6),1,IF(AND(BA$3=BB$3,BA6=BB6),1,0))))) -> 1 | BD6: 1 | BE6: 2 | BF6: =IF(OR(ISBLANK(BD6),ISBLANK(BE6),ISBLANK(BD$3)),"",IF(AND(BD6=BD$3,BE$3=BE6),3,IF(AND(BD$3>BE$3,BD6>BE6),1,IF(AND(BD$3<BE$3,BD6<BE6),1,IF(AND(BD$3=BE$3,BD6=BE6),1,0))))) -> 1 | BG6: 3 | BH6: 0 | BI6: =IF(OR(ISBLANK(BG6),ISBLANK(BH6),ISBLANK(BG$3)),"",IF(AND(BG6=BG$3,BH$3=BH6),3,IF(AND(BG$3>BH$3,BG6>BH6),1,IF(AND(BG$3<BH$3,BG6<BH6),1,IF(AND(BG$3=BH$3,BG6=BH6),1,0))))) -> 3 | BJ6: 2 | BK6: 0 | BL6: =IF(OR(ISBLANK(BJ6),ISBLANK(BK6),ISBLANK(BJ$3)),"",IF(AND(BJ6=BJ$3,BK$3=BK6),3,IF(AND(BJ$3>BK$3,BJ6>BK6),1,IF(AND(BJ$3<BK$3,BJ6<BK6),1,IF(AND(BJ$3=BK$3,BJ6=BK6),1,0))))) -> 1 | BM6: 3 | BN6: 0 | BO6: =IF(OR(ISBLANK(BM6),ISBLANK(BN6),ISBLANK(BM$3)),"",IF(AND(BM6=BM$3,BN$3=BN6),3,IF(AND(BM$3>BN$3,BM6>BN6),1,IF(AND(BM$3<BN$3,BM6<BN6),1,IF(AND(BM$3=BN$3,BM6=BN6),1,0))))) -> 0 | BP6: 2 | BQ6: 1 | BR6: =IF(OR(ISBLANK(BP6),ISBLANK(BQ6),ISBLANK(BP$3)),"",IF(AND(BP6=BP$3,BQ$3=BQ6),3,IF(AND(BP$3>BQ$3,BP6>BQ6),1,IF(AND(BP$3<BQ$3,BP6<BQ6),1,IF(AND(BP$3=BQ$3,BP6=BQ6),1,0))))) -> 1 | BS6: 2 | BT6: 1 | BU6: =IF(OR(ISBLANK(BS6),ISBLANK(BT6),ISBLANK(BS$3)),"",IF(AND(BS6=BS$3,BT$3=BT6),3,IF(AND(BS$3>BT$3,BS6>BT6),1,IF(AND(BS$3<BT$3,BS6<BT6),1,IF(AND(BS$3=BT$3,BS6=BT6),1,0))))) -> 1 | BV6: 0 | BW6: 1 | BX6: =IF(OR(ISBLANK(BV6),ISBLANK(BW6),ISBLANK(BV$3)),"",IF(AND(BV6=BV$3,BW$3=BW6),3,IF(AND(BV$3>BW$3,BV6>BW6),1,IF(AND(BV$3<BW$3,BV6<BW6),1,IF(AND(BV$3=BW$3,BV6=BW6),1,0))))) -> 1 | BY6: 0 | BZ6: 2 | CA6: =IF(OR(ISBLANK(BY6),ISBLANK(BZ6),ISBLANK(BY$3)),"",IF(AND(BY6=BY$3,BZ$3=BZ6),3,IF(AND(BY$3>BZ$3,BY6>BZ6),1,IF(AND(BY$3<BZ$3,BY6<BZ6),1,IF(AND(BY$3=BZ$3,BY6=BZ6),1,0))))) | CB6: 1 | CC6: 2 | CD6: =IF(OR(ISBLANK(CB6),ISBLANK(CC6),ISBLANK(CB$3)),"",IF(AND(CB6=CB$3,CC$3=CC6),3,IF(AND(CB$3>CC$3,CB6>CC6),1,IF(AND(CB$3<CC$3,CB6<CC6),1,IF(AND(CB$3=CC$3,CB6=CC6),1,0))))) | CE6: 0 | CF6: 2 | CG6: =IF(OR(ISBLANK(CE6),ISBLANK(CF6),ISBLANK(CE$3)),"",IF(AND(CE6=CE$3,CF$3=CF6),3,IF(AND(CE$3>CF$3,CE6>CF6),1,IF(AND(CE$3<CF$3,CE6<CF6),1,IF(AND(CE$3=CF$3,CE6=CF6),1,0))))) | CH6: 1 | CI6: 1 | CJ6: =IF(OR(ISBLANK(CH6),ISBLANK(CI6),ISBLANK(CH$3)),"",IF(AND(CH6=CH$3,CI$3=CI6),3,IF(AND(CH$3>CI$3,CH6>CI6),1,IF(AND(CH$3<CI$3,CH6<CI6),1,IF(AND(CH$3=CI$3,CH6=CI6),1,0))))) | CK6: 2 | CL6: 0 | CM6: =IF(OR(ISBLANK(CK6),ISBLANK(CL6),ISBLANK(CK$3)),"",IF(AND(CK6=CK$3,CL$3=CL6),3,IF(AND(CK$3>CL$3,CK6>CL6),1,IF(AND(CK$3<CL$3,CK6<CL6),1,IF(AND(CK$3=CL$3,CK6=CL6),1,0))))) | CN6: 1 | CO6: 1 | CP6: =IF(OR(ISBLANK(CN6),ISBLANK(CO6),ISBLANK(CN$3)),"",IF(AND(CN6=CN$3,CO$3=CO6),3,IF(AND(CN$3>CO$3,CN6>CO6),1,IF(AND(CN$3<CO$3,CN6<CO6),1,IF(AND(CN$3=CO$3,CN6=CO6),1,0))))) | CQ6: 3 | CR6: 0 | CS6: =IF(OR(ISBLANK(CQ6),ISBLANK(CR6),ISBLANK(CQ$3)),"",IF(AND(CQ6=CQ$3,CR$3=CR6),3,IF(AND(CQ$3>CR$3,CQ6>CR6),1,IF(AND(CQ$3<CR$3,CQ6<CR6),1,IF(AND(CQ$3=CR$3,CQ6=CR6),1,0))))) | CT6: 1 | CU6: 1 | CV6: =IF(OR(ISBLANK(CT6),ISBLANK(CU6),ISBLANK(CT$3)),"",IF(AND(CT6=CT$3,CU$3=CU6),3,IF(AND(CT$3>CU$3,CT6>CU6),1,IF(AND(CT$3<CU$3,CT6<CU6),1,IF(AND(CT$3=CU$3,CT6=CU6),1,0))))) | CW6: 2 | CX6: 2 | CY6: =IF(OR(ISBLANK(CW6),ISBLANK(CX6),ISBLANK(CW$3)),"",IF(AND(CW6=CW$3,CX$3=CX6),3,IF(AND(CW$3>CX$3,CW6>CX6),1,IF(AND(CW$3<CX$3,CW6<CX6),1,IF(AND(CW$3=CX$3,CW6=CX6),1,0))))) | CZ6: 3 | DA6: 1 | DB6: =IF(OR(ISBLANK(CZ6),ISBLANK(DA6),ISBLANK(CZ$3)),"",IF(AND(CZ6=CZ$3,DA$3=DA6),3,IF(AND(CZ$3>DA$3,CZ6>DA6),1,IF(AND(CZ$3<DA$3,CZ6<DA6),1,IF(AND(CZ$3=DA$3,CZ6=DA6),1,0))))) | DC6: 2 | DD6: 0 | DE6: =IF(OR(ISBLANK(DC6),ISBLANK(DD6),ISBLANK(DC$3)),"",IF(AND(DC6=DC$3,DD$3=DD6),3,IF(AND(DC$3>DD$3,DC6>DD6),1,IF(AND(DC$3<DD$3,DC6<DD6),1,IF(AND(DC$3=DD$3,DC6=DD6),1,0))))) | DF6: 0 | DG6: 2 | DH6: =IF(OR(ISBLANK(DF6),ISBLANK(DG6),ISBLANK(DF$3)),"",IF(AND(DF6=DF$3,DG$3=DG6),3,IF(AND(DF$3>DG$3,DF6>DG6),1,IF(AND(DF$3<DG$3,DF6<DG6),1,IF(AND(DF$3=DG$3,DF6=DG6),1,0))))) | DI6: 2 | DJ6: 0 | DK6: =IF(OR(ISBLANK(DI6),ISBLANK(DJ6),ISBLANK(DI$3)),"",IF(AND(DI6=DI$3,DJ$3=DJ6),3,IF(AND(DI$3>DJ$3,DI6>DJ6),1,IF(AND(DI$3<DJ$3,DI6<DJ6),1,IF(AND(DI$3=DJ$3,DI6=DJ6),1,0))))) | DL6: 2 | DM6: 1 | DN6: =IF(OR(ISBLANK(DL6),ISBLANK(DM6),ISBLANK(DL$3)),"",IF(AND(DL6=DL$3,DM$3=DM6),3,IF(AND(DL$3>DM$3,DL6>DM6),1,IF(AND(DL$3<DM$3,DL6<DM6),1,IF(AND(DL$3=DM$3,DL6=DM6),1,0))))) | DO6: 2 | DP6: 0 | DQ6: =IF(OR(ISBLANK(DO6),ISBLANK(DP6),ISBLANK(DO$3)),"",IF(AND(DO6=DO$3,DP$3=DP6),3,IF(AND(DO$3>DP$3,DO6>DP6),1,IF(AND(DO$3<DP$3,DO6<DP6),1,IF(AND(DO$3=DP$3,DO6=DP6),1,0))))) | DR6: 0 | DS6: 1 | DT6: =IF(OR(ISBLANK(DR6),ISBLANK(DS6),ISBLANK(DR$3)),"",IF(AND(DR6=DR$3,DS$3=DS6),3,IF(AND(DR$3>DS$3,DR6>DS6),1,IF(AND(DR$3<DS$3,DR6<DS6),1,IF(AND(DR$3=DS$3,DR6=DS6),1,0))))) | DU6: 2 | DV6: 1 | DW6: =IF(OR(ISBLANK(DU6),ISBLANK(DV6),ISBLANK(DU$3)),"",IF(AND(DU6=DU$3,DV$3=DV6),3,IF(AND(DU$3>DV$3,DU6>DV6),1,IF(AND(DU$3<DV$3,DU6<DV6),1,IF(AND(DU$3=DV$3,DU6=DV6),1,0))))) | DX6: 3 | DY6: 0 | DZ6: =IF(OR(ISBLANK(DX6),ISBLANK(DY6),ISBLANK(DX$3)),"",IF(AND(DX6=DX$3,DY$3=DY6),3,IF(AND(DX$3>DY$3,DX6>DY6),1,IF(AND(DX$3<DY$3,DX6<DY6),1,IF(AND(DX$3=DY$3,DX6=DY6),1,0))))) | EA6: 2 | EB6: 1 | EC6: =IF(OR(ISBLANK(EA6),ISBLANK(EB6),ISBLANK(EA$3)),"",IF(AND(EA6=EA$3,EB$3=EB6),3,IF(AND(EA$3>EB$3,EA6>EB6),1,IF(AND(EA$3<EB$3,EA6<EB6),1,IF(AND(EA$3=EB$3,EA6=EB6),1,0))))) | ED6: 1 | EE6: 1 | EF6: =IF(OR(ISBLANK(ED6),ISBLANK(EE6),ISBLANK(ED$3)),"",IF(AND(ED6=ED$3,EE$3=EE6),3,IF(AND(ED$3>EE$3,ED6>EE6),1,IF(AND(ED$3<EE$3,ED6<EE6),1,IF(AND(ED$3=EE$3,ED6=EE6),1,0))))) | EG6: 2 | EH6: 0 | EI6: =IF(OR(ISBLANK(EG6),ISBLANK(EH6),ISBLANK(EG$3)),"",IF(AND(EG6=EG$3,EH$3=EH6),3,IF(AND(EG$3>EH$3,EG6>EH6),1,IF(AND(EG$3<EH$3,EG6<EH6),1,IF(AND(EG$3=EH$3,EG6=EH6),1,0))))) | EJ6: 3 | EK6: 1 | EL6: =IF(OR(ISBLANK(EJ6),ISBLANK(EK6),ISBLANK(EJ$3)),"",IF(AND(EJ6=EJ$3,EK$3=EK6),3,IF(AND(EJ$3>EK$3,EJ6>EK6),1,IF(AND(EJ$3<EK$3,EJ6<EK6),1,IF(AND(EJ$3=EK$3,EJ6=EK6),1,0))))) | EM6: 1 | EN6: 2 | EO6: =IF(OR(ISBLANK(EM6),ISBLANK(EN6),ISBLANK(EM$3)),"",IF(AND(EM6=EM$3,EN$3=EN6),3,IF(AND(EM$3>EN$3,EM6>EN6),1,IF(AND(EM$3<EN$3,EM6<EN6),1,IF(AND(EM$3=EN$3,EM6=EN6),1,0))))) | EP6: 2 | EQ6: 0 | ER6: =IF(OR(ISBLANK(EP6),ISBLANK(EQ6),ISBLANK(EP$3)),"",IF(AND(EP6=EP$3,EQ$3=EQ6),3,IF(AND(EP$3>EQ$3,EP6>EQ6),1,IF(AND(EP$3<EQ$3,EP6<EQ6),1,IF(AND(EP$3=EQ$3,EP6=EQ6),1,0))))) | EU6: =IF(OR(ISBLANK(ES6),ISBLANK(ET6),ISBLANK(ES$3)),"",IF(AND(ES6=ES$3,ET$3=ET6),3,IF(AND(ES$3>ET$3,ES6>ET6),1,IF(AND(ES$3<ET$3,ES6<ET6),1,IF(AND(ES$3=ET$3,ES6=ET6),1,0))))) | EX6: =IF(OR(ISBLANK(EV6),ISBLANK(EW6),ISBLANK(EV$3)),"",IF(AND(EV6=EV$3,EW$3=EW6),3,IF(AND(EV$3>EW$3,EV6>EW6),1,IF(AND(EV$3<EW$3,EV6<EW6),1,IF(AND(EV$3=EW$3,EV6=EW6),1,0))))) | FA6: =IF(OR(ISBLANK(EY6),ISBLANK(EZ6),ISBLANK(EY$3)),"",IF(AND(EY6=EY$3,EZ$3=EZ6),3,IF(AND(EY$3>EZ$3,EY6>EZ6),1,IF(AND(EY$3<EZ$3,EY6<EZ6),1,IF(AND(EY$3=EZ$3,EY6=EZ6),1,0))))) | FD6: =IF(OR(ISBLANK(FB6),ISBLANK(FC6),ISBLANK(FB$3)),"",IF(AND(FB6=FB$3,FC$3=FC6),3,IF(AND(FB$3>FC$3,FB6>FC6),1,IF(AND(FB$3<FC$3,FB6<FC6),1,IF(AND(FB$3=FC$3,FB6=FC6),1,0))))) | FG6: =IF(OR(ISBLANK(FE6),ISBLANK(FF6),ISBLANK(FE$3)),"",IF(AND(FE6=FE$3,FF$3=FF6),3,IF(AND(FE$3>FF$3,FE6>FF6),1,IF(AND(FE$3<FF$3,FE6<FF6),1,IF(AND(FE$3=FF$3,FE6=FF6),1,0))))) | FJ6: =IF(OR(ISBLANK(FH6),ISBLANK(FI6),ISBLANK(FH$3)),"",IF(AND(FH6=FH$3,FI$3=FI6),3,IF(AND(FH$3>FI$3,FH6>FI6),1,IF(AND(FH$3<FI$3,FH6<FI6),1,IF(AND(FH$3=FI$3,FH6=FI6),1,0))))) | FM6: =IF(OR(ISBLANK(FK6),ISBLANK(FL6),ISBLANK(FK$3)),"",IF(AND(FK6=FK$3,FL$3=FL6),3,IF(AND(FK$3>FL$3,FK6>FL6),1,IF(AND(FK$3<FL$3,FK6<FL6),1,IF(AND(FK$3=FL$3,FK6=FL6),1,0))))) | FP6: =IF(OR(ISBLANK(FN6),ISBLANK(FO6),ISBLANK(FN$3)),"",IF(AND(FN6=FN$3,FO$3=FO6),3,IF(AND(FN$3>FO$3,FN6>FO6),1,IF(AND(FN$3<FO$3,FN6<FO6),1,IF(AND(FN$3=FO$3,FN6=FO6),1,0))))) | FS6: =IF(OR(ISBLANK(FQ6),ISBLANK(FR6),ISBLANK(FQ$3)),"",IF(AND(FQ6=FQ$3,FR$3=FR6),3,IF(AND(FQ$3>FR$3,FQ6>FR6),1,IF(AND(FQ$3<FR$3,FQ6<FR6),1,IF(AND(FQ$3=FR$3,FQ6=FR6),1,0))))) | FV6: =IF(OR(ISBLANK(FT6),ISBLANK(FU6),ISBLANK(FT$3)),"",IF(AND(FT6=FT$3,FU$3=FU6),3,IF(AND(FT$3>FU$3,FT6>FU6),1,IF(AND(FT$3<FU$3,FT6<FU6),1,IF(AND(FT$3=FU$3,FT6=FU6),1,0))))) | FY6: =IF(OR(ISBLANK(FW6),ISBLANK(FX6),ISBLANK(FW$3)),"",IF(AND(FW6=FW$3,FX$3=FX6),3,IF(AND(FW$3>FX$3,FW6>FX6),1,IF(AND(FW$3<FX$3,FW6<FX6),1,IF(AND(FW$3=FX$3,FW6=FX6),1,0))))) | GB6: =IF(OR(ISBLANK(FZ6),ISBLANK(GA6),ISBLANK(FZ$3)),"",IF(AND(FZ6=FZ$3,GA$3=GA6),3,IF(AND(FZ$3>GA$3,FZ6>GA6),1,IF(AND(FZ$3<GA$3,FZ6<GA6),1,IF(AND(FZ$3=GA$3,FZ6=GA6),1,0))))) | GE6: =IF(OR(ISBLANK(GC6),ISBLANK(GD6),ISBLANK(GC$3)),"",IF(AND(GC6=GC$3,GD$3=GD6),3,IF(AND(GC$3>GD$3,GC6>GD6),1,IF(AND(GC$3<GD$3,GC6<GD6),1,IF(AND(GC$3=GD$3,GC6=GD6),1,0))))) | GH6: =IF(OR(ISBLANK(GF6),ISBLANK(GG6),ISBLANK(GF$3)),"",IF(AND(GF6=GF$3,GG$3=GG6),3,IF(AND(GF$3>GG$3,GF6>GG6),1,IF(AND(GF$3<GG$3,GF6<GG6),1,IF(AND(GF$3=GG$3,GF6=GG6),1,0))))) | GK6: =IF(OR(ISBLANK(GI6),ISBLANK(GJ6),ISBLANK(GI$3)),"",IF(AND(GI6=GI$3,GJ$3=GJ6),3,IF(AND(GI$3>GJ$3,GI6>GJ6),1,IF(AND(GI$3<GJ$3,GI6<GJ6),1,IF(AND(GI$3=GJ$3,GI6=GJ6),1,0))))) | GN6: =IF(OR(ISBLANK(GL6),ISBLANK(GM6),ISBLANK(GL$3)),"",IF(AND(GL6=GL$3,GM$3=GM6),3,IF(AND(GL$3>GM$3,GL6>GM6),1,IF(AND(GL$3<GM$3,GL6<GM6),1,IF(AND(GL$3=GM$3,GL6=GM6),1,0))))) | GQ6: =IF(OR(ISBLANK(GO6),ISBLANK(GP6),ISBLANK(GO$3)),"",IF(AND(GO6=GO$3,GP$3=GP6),3,IF(AND(GO$3>GP$3,GO6>GP6),1,IF(AND(GO$3<GP$3,GO6<GP6),1,IF(AND(GO$3=GP$3,GO6=GP6),1,0))))) | GT6: =IF(OR(ISBLANK(GR6),ISBLANK(GS6),ISBLANK(GR$3)),"",IF(AND(GR6=GR$3,GS$3=GS6),3,IF(AND(GR$3>GS$3,GR6>GS6),1,IF(AND(GR$3<GS$3,GR6<GS6),1,IF(AND(GR$3=GS$3,GR6=GS6),1,0))))) | GW6: =IF(OR(ISBLANK(GU6),ISBLANK(GV6),ISBLANK(GU$3)),"",IF(AND(GU6=GU$3,GV$3=GV6),3,IF(AND(GU$3>GV$3,GU6>GV6),1,IF(AND(GU$3<GV$3,GU6<GV6),1,IF(AND(GU$3=GV$3,GU6=GV6),1,0))))) | GZ6: =IF(OR(ISBLANK(GX6),ISBLANK(GY6),ISBLANK(GX$3)),"",IF(AND(GX6=GX$3,GY$3=GY6),3,IF(AND(GX$3>GY$3,GX6>GY6),1,IF(AND(GX$3<GY$3,GX6<GY6),1,IF(AND(GX$3=GY$3,GX6=GY6),1,0))))) | HC6: =IF(OR(ISBLANK(HA6),ISBLANK(HB6),ISBLANK(HA$3)),"",IF(AND(HA6=HA$3,HB$3=HB6),3,IF(AND(HA$3>HB$3,HA6>HB6),1,IF(AND(HA$3<HB$3,HA6<HB6),1,IF(AND(HA$3=HB$3,HA6=HB6),1,0))))) | HF6: =IF(OR(ISBLANK(HD6),ISBLANK(HE6),ISBLANK(HD$3)),"",IF(AND(HD6=HD$3,HE$3=HE6),3,IF(AND(HD$3>HE$3,HD6>HE6),1,IF(AND(HD$3<HE$3,HD6<HE6),1,IF(AND(HD$3=HE$3,HD6=HE6),1,0))))) | HI6: =IF(OR(ISBLANK(HG6),ISBLANK(HH6),ISBLANK(HG$3)),"",IF(AND(HG6=HG$3,HH$3=HH6),3,IF(AND(HG$3>HH$3,HG6>HH6),1,IF(AND(HG$3<HH$3,HG6<HH6),1,IF(AND(HG$3=HH$3,HG6=HH6),1,0))))) | HL6: =IF(OR(ISBLANK(HJ6),ISBLANK(HK6),ISBLANK(HJ$3)),"",IF(AND(HJ6=HJ$3,HK$3=HK6),3,IF(AND(HJ$3>HK$3,HJ6>HK6),1,IF(AND(HJ$3<HK$3,HJ6<HK6),1,IF(AND(HJ$3=HK$3,HJ6=HK6),1,0))))) | HO6: =IF(OR(ISBLANK(HM6),ISBLANK(HN6),ISBLANK(HM$3)),"",IF(AND(HM6=HM$3,HN$3=HN6),3,IF(AND(HM$3>HN$3,HM6>HN6),1,IF(AND(HM$3<HN$3,HM6<HN6),1,IF(AND(HM$3=HN$3,HM6=HN6),1,0))))) | HR6: =IF(OR(ISBLANK(HP6),ISBLANK(HQ6),ISBLANK(HP$3)),"",IF(AND(HP6=HP$3,HQ$3=HQ6),3,IF(AND(HP$3>HQ$3,HP6>HQ6),1,IF(AND(HP$3<HQ$3,HP6<HQ6),1,IF(AND(HP$3=HQ$3,HP6=HQ6),1,0))))) | HU6: =IF(OR(ISBLANK(HS6),ISBLANK(HT6),ISBLANK(HS$3)),"",IF(AND(HS6=HS$3,HT$3=HT6),3,IF(AND(HS$3>HT$3,HS6>HT6),1,IF(AND(HS$3<HT$3,HS6<HT6),1,IF(AND(HS$3=HT$3,HS6=HT6),1,0))))) | HX6: =IF(OR(ISBLANK(HV6),ISBLANK(HW6),ISBLANK(HV$3)),"",IF(AND(HV6=HV$3,HW$3=HW6),3,IF(AND(HV$3>HW$3,HV6>HW6),1,IF(AND(HV$3<HW$3,HV6<HW6),1,IF(AND(HV$3=HW$3,HV6=HW6),1,0))))) | IA6: =IF(OR(ISBLANK(HY6),ISBLANK(HZ6),ISBLANK(HY$3)),"",IF(AND(HY6=HY$3,HZ$3=HZ6),3,IF(AND(HY$3>HZ$3,HY6>HZ6),1,IF(AND(HY$3<HZ$3,HY6<HZ6),1,IF(AND(HY$3=HZ$3,HY6=HZ6),1,0))))) | ID6: =IF(OR(ISBLANK(IB6),ISBLANK(IC6),ISBLANK(IB$3)),"",IF(AND(IB6=IB$3,IC$3=IC6),3,IF(AND(IB$3>IC$3,IB6>IC6),1,IF(AND(IB$3<IC$3,IB6<IC6),1,IF(AND(IB$3=IC$3,IB6=IC6),1,0))))) | IG6: =IF(OR(ISBLANK(IE6),ISBLANK(IF6),ISBLANK(IE$3)),"",IF(AND(IE6=IE$3,IF$3=IF6),3,IF(AND(IE$3>IF$3,IE6>IF6),1,IF(AND(IE$3<IF$3,IE6<IF6),1,IF(AND(IE$3=IF$3,IE6=IF6),1,0))))) | IJ6: =IF(OR(ISBLANK(IH6),ISBLANK(II6),ISBLANK(IH$3)),"",IF(AND(IH6=IH$3,II$3=II6),3,IF(AND(IH$3>II$3,IH6>II6),1,IF(AND(IH$3<II$3,IH6<II6),1,IF(AND(IH$3=II$3,IH6=II6),1,0))))) | IM6: =IF(OR(ISBLANK(IK6),ISBLANK(IL6),ISBLANK(IK$3)),"",IF(AND(IK6=IK$3,IL$3=IL6),3,IF(AND(IK$3>IL$3,IK6>IL6),1,IF(AND(IK$3<IL$3,IK6<IL6),1,IF(AND(IK$3=IL$3,IK6=IL6),1,0))))) | IP6: =IF(OR(ISBLANK(IN6),ISBLANK(IO6),ISBLANK(IN$3)),"",IF(AND(IN6=IN$3,IO$3=IO6),3,IF(AND(IN$3>IO$3,IN6>IO6),1,IF(AND(IN$3<IO$3,IN6<IO6),1,IF(AND(IN$3=IO$3,IN6=IO6),1,0))))) | IS6: =IF(OR(ISBLANK(IQ6),ISBLANK(IR6),ISBLANK(IQ$3)),"",IF(AND(IQ6=IQ$3,IR$3=IR6),3,IF(AND(IQ$3>IR$3,IQ6>IR6),1,IF(AND(IQ$3<IR$3,IQ6<IR6),1,IF(AND(IQ$3=IR$3,IQ6=IR6),1,0))))) | IV6: =IF(OR(ISBLANK(IT6),ISBLANK(IU6),ISBLANK(IT$3)),"",IF(AND(IT6=IT$3,IU$3=IU6),3,IF(AND(IT$3>IU$3,IT6>IU6),1,IF(AND(IT$3<IU$3,IT6<IU6),1,IF(AND(IT$3=IU$3,IT6=IU6),1,0))))) | IY6: =IF(OR(ISBLANK(IW6),ISBLANK(IX6),ISBLANK(IW$3)),"",IF(AND(IW6=IW$3,IX$3=IX6),3,IF(AND(IW$3>IX$3,IW6>IX6),1,IF(AND(IW$3<IX$3,IW6<IX6),1,IF(AND(IW$3=IX$3,IW6=IX6),1,0))))) | JB6: =IF(OR(ISBLANK(IZ6),ISBLANK(JA6),ISBLANK(IZ$3)),"",IF(AND(IZ6=IZ$3,JA$3=JA6),3,IF(AND(IZ$3>JA$3,IZ6>JA6),1,IF(AND(IZ$3<JA$3,IZ6<JA6),1,IF(AND(IZ$3=JA$3,IZ6=JA6),1,0))))) | JE6: =IF(OR(ISBLANK(JC6),ISBLANK(JD6),ISBLANK(JC$3)),"",IF(AND(JC6=JC$3,JD$3=JD6),3,IF(AND(JC$3>JD$3,JC6>JD6),1,IF(AND(JC$3<JD$3,JC6<JD6),1,IF(AND(JC$3=JD$3,JC6=JD6),1,0))))) | JH6: =IF(OR(ISBLANK(JF6),ISBLANK(JG6),ISBLANK(JF$3)),"",IF(AND(JF6=JF$3,JG$3=JG6),3,IF(AND(JF$3>JG$3,JF6>JG6),1,IF(AND(JF$3<JG$3,JF6<JG6),1,IF(AND(JF$3=JG$3,JF6=JG6),1,0))))) | JK6: =IF(OR(ISBLANK(JI6),ISBLANK(JJ6),ISBLANK(JI$3)),"",IF(AND(JI6=JI$3,JJ$3=JJ6),3,IF(AND(JI$3>JJ$3,JI6>JJ6),1,IF(AND(JI$3<JJ$3,JI6<JJ6),1,IF(AND(JI$3=JJ$3,JI6=JJ6),1,0))))) | JN6: =IF(OR(ISBLANK(JL6),ISBLANK(JM6),ISBLANK(JL$3)),"",IF(AND(JL6=JL$3,JM$3=JM6),3,IF(AND(JL$3>JM$3,JL6>JM6),1,IF(AND(JL$3<JM$3,JL6<JM6),1,IF(AND(JL$3=JM$3,JL6=JM6),1,0))))) | JQ6: =IF(OR(ISBLANK(JO6),ISBLANK(JP6),ISBLANK(JO$3)),"",IF(AND(JO6=JO$3,JP$3=JP6),3,IF(AND(JO$3>JP$3,JO6>JP6),1,IF(AND(JO$3<JP$3,JO6<JP6),1,IF(AND(JO$3=JP$3,JO6=JP6),1,0))))) | JT6: =IF(OR(ISBLANK(JR6),ISBLANK(JS6),ISBLANK(JR$3)),"",IF(AND(JR6=JR$3,JS$3=JS6),3,IF(AND(JR$3>JS$3,JR6>JS6),1,IF(AND(JR$3<JS$3,JR6<JS6),1,IF(AND(JR$3=JS$3,JR6=JS6),1,0))))) | JW6: =IF(OR(ISBLANK(JU6),ISBLANK(JV6),ISBLANK(JU$3)),"",IF(AND(JU6=JU$3,JV$3=JV6),3,IF(AND(JU$3>JV$3,JU6>JV6),1,IF(AND(JU$3<JV$3,JU6<JV6),1,IF(AND(JU$3=JV$3,JU6=JV6),1,0))))) | JZ6: =IF(OR(ISBLANK(JX6),ISBLANK(JY6),ISBLANK(JX$3)),"",IF(AND(JX6=JX$3,JY$3=JY6),3,IF(AND(JX$3>JY$3,JX6>JY6),1,IF(AND(JX$3<JY$3,JX6<JY6),1,IF(AND(JX$3=JY$3,JX6=JY6),1,0))))) | KC6: =IF(OR(ISBLANK(KA6),ISBLANK(KB6),ISBLANK(KA$3)),"",IF(AND(KA6=KA$3,KB$3=KB6),3,IF(AND(KA$3>KB$3,KA6>KB6),1,IF(AND(KA$3<KB$3,KA6<KB6),1,IF(AND(KA$3=KB$3,KA6=KB6),1,0))))) | KF6: =IF(OR(ISBLANK(KD6),ISBLANK(KE6),ISBLANK(KD$3)),"",IF(AND(KD6=KD$3,KE$3=KE6),3,IF(AND(KD$3>KE$3,KD6>KE6),1,IF(AND(KD$3<KE$3,KD6<KE6),1,IF(AND(KD$3=KE$3,KD6=KE6),1,0))))) | KI6: =IF(OR(ISBLANK(KG6),ISBLANK(KH6),ISBLANK(KG$3)),"",IF(AND(KG6=KG$3,KH$3=KH6),5,IF(AND(KG$3>KH$3,KG6>KH6),1,IF(AND(KG$3<KH$3,KG6<KH6),1,IF(AND(KG$3=KH$3,KG6=KH6),1,0))))) | KL6: =IF(OR(ISBLANK(KJ6),ISBLANK(KK6),ISBLANK(KJ$3)),"",IF(AND(KJ6=KJ$3,KK$3=KK6),5,IF(AND(KJ$3>KK$3,KJ6>KK6),1,IF(AND(KJ$3<KK$3,KJ6<KK6),1,IF(AND(KJ$3=KK$3,KJ6=KK6),1,0))))) | KO6: =IF(OR(ISBLANK(KM6),ISBLANK(KN6),ISBLANK(KM$3)),"",IF(AND(KM6=KM$3,KN$3=KN6),5,IF(AND(KM$3>KN$3,KM6>KN6),1,IF(AND(KM$3<KN$3,KM6<KN6),1,IF(AND(KM$3=KN$3,KM6=KN6),1,0))))) | KR6: =IF(OR(ISBLANK(KP6),ISBLANK(KQ6),ISBLANK(KP$3)),"",IF(AND(KP6=KP$3,KQ$3=KQ6),5,IF(AND(KP$3>KQ$3,KP6>KQ6),1,IF(AND(KP$3<KQ$3,KP6<KQ6),1,IF(AND(KP$3=KQ$3,KP6=KQ6),1,0))))) | KU6: =IF(OR(ISBLANK(KS6),ISBLANK(KT6),ISBLANK(KS$3)),"",IF(AND(KS6=KS$3,KT$3=KT6),5,IF(AND(KS$3>KT$3,KS6>KT6),1,IF(AND(KS$3<KT$3,KS6<KT6),1,IF(AND(KS$3=KT$3,KS6=KT6),1,0))))) | KX6: =IF(OR(ISBLANK(KV6),ISBLANK(KW6),ISBLANK(KV$3)),"",IF(AND(KV6=KV$3,KW$3=KW6),5,IF(AND(KV$3>KW$3,KV6>KW6),1,IF(AND(KV$3<KW$3,KV6<KW6),1,IF(AND(KV$3=KW$3,KV6=KW6),1,0))))) | LA6: =IF(OR(ISBLANK(KY6),ISBLANK(KZ6),ISBLANK(KY$3)),"",IF(AND(KY6=KY$3,KZ$3=KZ6),5,IF(AND(KY$3>KZ$3,KY6>KZ6),1,IF(AND(KY$3<KZ$3,KY6<KZ6),1,IF(AND(KY$3=KZ$3,KY6=KZ6),1,0))))) | LD6: =IF(OR(ISBLANK(LB6),ISBLANK(LC6),ISBLANK(LB$3)),"",IF(AND(LB6=LB$3,LC$3=LC6),5,IF(AND(LB$3>LC$3,LB6>LC6),1,IF(AND(LB$3<LC$3,LB6<LC6),1,IF(AND(LB$3=LC$3,LB6=LC6),1,0))))) | LF6: =IF(ISBLANK(LE6),"",IF(LE4=LE6,5,0)) | LH6: =IF(ISBLANK(LG6),"",IF(LG4=LG6,5,0)) | LJ6: =IF(ISBLANK(LI6),"",IF(LI4=LI6,5,0)) | LL6: =IF(ISBLANK(LK6),"",IF(LK4=LK6,5,0)) | LN6: =IF(ISBLANK(LM6),"",IF(LM4=LM6,5,0))
A7: 4 | B7: Luis Miguel Garcia Toro | C7: =SUM(G7,J7,M7,P7,S7,V7,Y7,AB7,AE7,AH7,AK7,AN7,AQ7,AT7,AW7,AZ7,BC7,BF7,BI7,BL7,BO7,BR7,BU7,BX7,CA7,CD7,CG7,CJ7,CM7,CP7,CS7,CV7,CY7,DB7,DE7,DH7,DK7,DN7,DQ7,DT7,DW7,DZ7,EC7,EF7,EI7,EL7,EO7,ER7,EU7,EX7,FA7,FD7,FG7,FJ7,FM7,FP7,FS7,FV7,FY7,GB7,GE7,GH7,GK7,GN7,GQ7,GT7,GW7,GZ7,HC7,HF7,HI7,HL7,HO7,HR7,HU7,HX7,IA7,ID7,IG7,IJ7,IM7,IP7,IS7,IV7,IY7,JB7,JE7,JH7,JK7,JN7,JQ7,JT7,JW7,JZ7,KC7,KF7,KI7,KL7,KO7,KR7,KU7,KX7,LA7,LD7,LF7,LH7,LJ7,LL7) -> 17 | D7: =VLOOKUP(B7,polla,2,FALSE) -> 3 | E7: 2 | F7: 1 | G7: =IF(OR(ISBLANK(E7),ISBLANK(F7),ISBLANK(E$3)),"",IF(AND(E7=E$3,F$3=F7),3,IF(AND(E$3>F$3,E7>F7),1,IF(AND(E$3<F$3,E7<F7),1,IF(AND(E$3=F$3,E7=F7),1,0))))) -> 1 | H7: 1 | I7: 1 | J7: =IF(OR(ISBLANK(H7),ISBLANK(I7),ISBLANK(H$3)),"",IF(AND(H7=H$3,I$3=I7),3,IF(AND(H$3>I$3,H7>I7),1,IF(AND(H$3<I$3,H7<I7),1,IF(AND(H$3=I$3,H7=I7),1,0))))) -> 0 | K7: 2 | L7: 0 | M7: =IF(OR(ISBLANK(K7),ISBLANK(L7),ISBLANK(K$3)),"",IF(AND(K7=K$3,L$3=L7),3,IF(AND(K$3>L$3,K7>L7),1,IF(AND(K$3<L$3,K7<L7),1,IF(AND(K$3=L$3,K7=L7),1,0))))) -> 0 | N7: 2 | O7: 1 | P7: =IF(OR(ISBLANK(N7),ISBLANK(O7),ISBLANK(N$3)),"",IF(AND(N7=N$3,O$3=O7),3,IF(AND(N$3>O$3,N7>O7),1,IF(AND(N$3<O$3,N7<O7),1,IF(AND(N$3=O$3,N7=O7),1,0))))) -> 1 | Q7: 0 | R7: 1 | S7: =IF(OR(ISBLANK(Q7),ISBLANK(R7),ISBLANK(Q$3)),"",IF(AND(Q7=Q$3,R$3=R7),3,IF(AND(Q$3>R$3,Q7>R7),1,IF(AND(Q$3<R$3,Q7<R7),1,IF(AND(Q$3=R$3,Q7=R7),1,0))))) -> 0 | T7: 2 | U7: 0 | V7: =IF(OR(ISBLANK(T7),ISBLANK(U7),ISBLANK(T$3)),"",IF(AND(T7=T$3,U$3=U7),3,IF(AND(T$3>U$3,T7>U7),1,IF(AND(T$3<U$3,T7<U7),1,IF(AND(T$3=U$3,T7=U7),1,0))))) -> 0 | W7: 0 | X7: 1 | Y7: =IF(OR(ISBLANK(W7),ISBLANK(X7),ISBLANK(W$3)),"",IF(AND(W7=W$3,X$3=X7),3,IF(AND(W$3>X$3,W7>X7),1,IF(AND(W$3<X$3,W7<X7),1,IF(AND(W$3=X$3,W7=X7),1,0))))) -> 3 | Z7: 1 | AA7: 1 | AB7: =IF(OR(ISBLANK(Z7),ISBLANK(AA7),ISBLANK(Z$3)),"",IF(AND(Z7=Z$3,AA$3=AA7),3,IF(AND(Z$3>AA$3,Z7>AA7),1,IF(AND(Z$3<AA$3,Z7<AA7),1,IF(AND(Z$3=AA$3,Z7=AA7),1,0))))) -> 0 | AC7: 3 | AD7: 1 | AE7: =IF(OR(ISBLANK(AC7),ISBLANK(AD7),ISBLANK(AC$3)),"",IF(AND(AC7=AC$3,AD$3=AD7),3,IF(AND(AC$3>AD$3,AC7>AD7),1,IF(AND(AC$3<AD$3,AC7<AD7),1,IF(AND(AC$3=AD$3,AC7=AD7),1,0))))) -> 1 | AF7: 2 | AG7: 1 | AH7: =IF(OR(ISBLANK(AF7),ISBLANK(AG7),ISBLANK(AF$3)),"",IF(AND(AF7=AF$3,AG$3=AG7),3,IF(AND(AF$3>AG$3,AF7>AG7),1,IF(AND(AF$3<AG$3,AF7<AG7),1,IF(AND(AF$3=AG$3,AF7=AG7),1,0))))) -> 0 | AI7: 1 | AJ7: 2 | AK7: =IF(OR(ISBLANK(AI7),ISBLANK(AJ7),ISBLANK(AI$3)),"",IF(AND(AI7=AI$3,AJ$3=AJ7),3,IF(AND(AI$3>AJ$3,AI7>AJ7),1,IF(AND(AI$3<AJ$3,AI7<AJ7),1,IF(AND(AI$3=AJ$3,AI7=AJ7),1,0))))) -> 0 | AL7: 2 | AM7: 2 | AN7: =IF(OR(ISBLANK(AL7),ISBLANK(AM7),ISBLANK(AL$3)),"",IF(AND(AL7=AL$3,AM$3=AM7),3,IF(AND(AL$3>AM$3,AL7>AM7),1,IF(AND(AL$3<AM$3,AL7<AM7),1,IF(AND(AL$3=AM$3,AL7=AM7),1,0))))) -> 0 | AO7: 3 | AP7: 0 | AQ7: =IF(OR(ISBLANK(AO7),ISBLANK(AP7),ISBLANK(AO$3)),"",IF(AND(AO7=AO$3,AP$3=AP7),3,IF(AND(AO$3>AP$3,AO7>AP7),1,IF(AND(AO$3<AP$3,AO7<AP7),1,IF(AND(AO$3=AP$3,AO7=AP7),1,0))))) -> 0 | AR7: 2 | AS7: 0 | AT7: =IF(OR(ISBLANK(AR7),ISBLANK(AS7),ISBLANK(AR$3)),"",IF(AND(AR7=AR$3,AS$3=AS7),3,IF(AND(AR$3>AS$3,AR7>AS7),1,IF(AND(AR$3<AS$3,AR7<AS7),1,IF(AND(AR$3=AS$3,AR7=AS7),1,0))))) -> 0 | AU7: 0 | AV7: 2 | AW7: =IF(OR(ISBLANK(AU7),ISBLANK(AV7),ISBLANK(AU$3)),"",IF(AND(AU7=AU$3,AV$3=AV7),3,IF(AND(AU$3>AV$3,AU7>AV7),1,IF(AND(AU$3<AV$3,AU7<AV7),1,IF(AND(AU$3=AV$3,AU7=AV7),1,0))))) -> 0 | AX7: 0 | AY7: 0 | AZ7: =IF(OR(ISBLANK(AX7),ISBLANK(AY7),ISBLANK(AX$3)),"",IF(AND(AX7=AX$3,AY$3=AY7),3,IF(AND(AX$3>AY$3,AX7>AY7),1,IF(AND(AX$3<AY$3,AX7<AY7),1,IF(AND(AX$3=AY$3,AX7=AY7),1,0))))) -> 1 | BA7: 3 | BB7: 1 | BC7: =IF(OR(ISBLANK(BA7),ISBLANK(BB7),ISBLANK(BA$3)),"",IF(AND(BA7=BA$3,BB$3=BB7),3,IF(AND(BA$3>BB$3,BA7>BB7),1,IF(AND(BA$3<BB$3,BA7<BB7),1,IF(AND(BA$3=BB$3,BA7=BB7),1,0))))) -> 3 | BD7: 0 | BE7: 2 | BF7: =IF(OR(ISBLANK(BD7),ISBLANK(BE7),ISBLANK(BD$3)),"",IF(AND(BD7=BD$3,BE$3=BE7),3,IF(AND(BD$3>BE$3,BD7>BE7),1,IF(AND(BD$3<BE$3,BD7<BE7),1,IF(AND(BD$3=BE$3,BD7=BE7),1,0))))) -> 1 | BG7: 2 | BH7: 0 | BI7: =IF(OR(ISBLANK(BG7),ISBLANK(BH7),ISBLANK(BG$3)),"",IF(AND(BG7=BG$3,BH$3=BH7),3,IF(AND(BG$3>BH$3,BG7>BH7),1,IF(AND(BG$3<BH$3,BG7<BH7),1,IF(AND(BG$3=BH$3,BG7=BH7),1,0))))) -> 1 | BJ7: 1 | BK7: 1 | BL7: =IF(OR(ISBLANK(BJ7),ISBLANK(BK7),ISBLANK(BJ$3)),"",IF(AND(BJ7=BJ$3,BK$3=BK7),3,IF(AND(BJ$3>BK$3,BJ7>BK7),1,IF(AND(BJ$3<BK$3,BJ7<BK7),1,IF(AND(BJ$3=BK$3,BJ7=BK7),1,0))))) -> 0 | BM7: 2 | BN7: 0 | BO7: =IF(OR(ISBLANK(BM7),ISBLANK(BN7),ISBLANK(BM$3)),"",IF(AND(BM7=BM$3,BN$3=BN7),3,IF(AND(BM$3>BN$3,BM7>BN7),1,IF(AND(BM$3<BN$3,BM7<BN7),1,IF(AND(BM$3=BN$3,BM7=BN7),1,0))))) -> 0 | BP7: 2 | BQ7: 1 | BR7: =IF(OR(ISBLANK(BP7),ISBLANK(BQ7),ISBLANK(BP$3)),"",IF(AND(BP7=BP$3,BQ$3=BQ7),3,IF(AND(BP$3>BQ$3,BP7>BQ7),1,IF(AND(BP$3<BQ$3,BP7<BQ7),1,IF(AND(BP$3=BQ$3,BP7=BQ7),1,0))))) -> 1 | BS7: 1 | BT7: 0 | BU7: =IF(OR(ISBLANK(BS7),ISBLANK(BT7),ISBLANK(BS$3)),"",IF(AND(BS7=BS$3,BT$3=BT7),3,IF(AND(BS$3>BT$3,BS7>BT7),1,IF(AND(BS$3<BT$3,BS7<BT7),1,IF(AND(BS$3=BT$3,BS7=BT7),1,0))))) -> 3 | BV7: 1 | BW7: 2 | BX7: =IF(OR(ISBLANK(BV7),ISBLANK(BW7),ISBLANK(BV$3)),"",IF(AND(BV7=BV$3,BW$3=BW7),3,IF(AND(BV$3>BW$3,BV7>BW7),1,IF(AND(BV$3<BW$3,BV7<BW7),1,IF(AND(BV$3=BW$3,BV7=BW7),1,0))))) -> 1 | BY7: 1 | BZ7: 1 | CA7: =IF(OR(ISBLANK(BY7),ISBLANK(BZ7),ISBLANK(BY$3)),"",IF(AND(BY7=BY$3,BZ$3=BZ7),3,IF(AND(BY$3>BZ$3,BY7>BZ7),1,IF(AND(BY$3<BZ$3,BY7<BZ7),1,IF(AND(BY$3=BZ$3,BY7=BZ7),1,0))))) | CB7: 2 | CC7: 1 | CD7: =IF(OR(ISBLANK(CB7),ISBLANK(CC7),ISBLANK(CB$3)),"",IF(AND(CB7=CB$3,CC$3=CC7),3,IF(AND(CB$3>CC$3,CB7>CC7),1,IF(AND(CB$3<CC$3,CB7<CC7),1,IF(AND(CB$3=CC$3,CB7=CC7),1,0))))) | CE7: 2 | CF7: 0 | CG7: =IF(OR(ISBLANK(CE7),ISBLANK(CF7),ISBLANK(CE$3)),"",IF(AND(CE7=CE$3,CF$3=CF7),3,IF(AND(CE$3>CF$3,CE7>CF7),1,IF(AND(CE$3<CF$3,CE7<CF7),1,IF(AND(CE$3=CF$3,CE7=CF7),1,0))))) | CH7: 2 | CI7: 2 | CJ7: =IF(OR(ISBLANK(CH7),ISBLANK(CI7),ISBLANK(CH$3)),"",IF(AND(CH7=CH$3,CI$3=CI7),3,IF(AND(CH$3>CI$3,CH7>CI7),1,IF(AND(CH$3<CI$3,CH7<CI7),1,IF(AND(CH$3=CI$3,CH7=CI7),1,0))))) | CK7: 4 | CL7: 0 | CM7: =IF(OR(ISBLANK(CK7),ISBLANK(CL7),ISBLANK(CK$3)),"",IF(AND(CK7=CK$3,CL$3=CL7),3,IF(AND(CK$3>CL$3,CK7>CL7),1,IF(AND(CK$3<CL$3,CK7<CL7),1,IF(AND(CK$3=CL$3,CK7=CL7),1,0))))) | CN7: 1 | CO7: 3 | CP7: =IF(OR(ISBLANK(CN7),ISBLANK(CO7),ISBLANK(CN$3)),"",IF(AND(CN7=CN$3,CO$3=CO7),3,IF(AND(CN$3>CO$3,CN7>CO7),1,IF(AND(CN$3<CO$3,CN7<CO7),1,IF(AND(CN$3=CO$3,CN7=CO7),1,0))))) | CQ7: 3 | CR7: 0 | CS7: =IF(OR(ISBLANK(CQ7),ISBLANK(CR7),ISBLANK(CQ$3)),"",IF(AND(CQ7=CQ$3,CR$3=CR7),3,IF(AND(CQ$3>CR$3,CQ7>CR7),1,IF(AND(CQ$3<CR$3,CQ7<CR7),1,IF(AND(CQ$3=CR$3,CQ7=CR7),1,0))))) | CT7: 1 | CU7: 2 | CV7: =IF(OR(ISBLANK(CT7),ISBLANK(CU7),ISBLANK(CT$3)),"",IF(AND(CT7=CT$3,CU$3=CU7),3,IF(AND(CT$3>CU$3,CT7>CU7),1,IF(AND(CT$3<CU$3,CT7<CU7),1,IF(AND(CT$3=CU$3,CT7=CU7),1,0))))) | CW7: 2 | CX7: 1 | CY7: =IF(OR(ISBLANK(CW7),ISBLANK(CX7),ISBLANK(CW$3)),"",IF(AND(CW7=CW$3,CX$3=CX7),3,IF(AND(CW$3>CX$3,CW7>CX7),1,IF(AND(CW$3<CX$3,CW7<CX7),1,IF(AND(CW$3=CX$3,CW7=CX7),1,0))))) | CZ7: 3 | DA7: 1 | DB7: =IF(OR(ISBLANK(CZ7),ISBLANK(DA7),ISBLANK(CZ$3)),"",IF(AND(CZ7=CZ$3,DA$3=DA7),3,IF(AND(CZ$3>DA$3,CZ7>DA7),1,IF(AND(CZ$3<DA$3,CZ7<DA7),1,IF(AND(CZ$3=DA$3,CZ7=DA7),1,0))))) | DC7: 2 | DD7: 0 | DE7: =IF(OR(ISBLANK(DC7),ISBLANK(DD7),ISBLANK(DC$3)),"",IF(AND(DC7=DC$3,DD$3=DD7),3,IF(AND(DC$3>DD$3,DC7>DD7),1,IF(AND(DC$3<DD$3,DC7<DD7),1,IF(AND(DC$3=DD$3,DC7=DD7),1,0))))) | DF7: 0 | DG7: 2 | DH7: =IF(OR(ISBLANK(DF7),ISBLANK(DG7),ISBLANK(DF$3)),"",IF(AND(DF7=DF$3,DG$3=DG7),3,IF(AND(DF$3>DG$3,DF7>DG7),1,IF(AND(DF$3<DG$3,DF7<DG7),1,IF(AND(DF$3=DG$3,DF7=DG7),1,0))))) | DI7: 3 | DJ7: 0 | DK7: =IF(OR(ISBLANK(DI7),ISBLANK(DJ7),ISBLANK(DI$3)),"",IF(AND(DI7=DI$3,DJ$3=DJ7),3,IF(AND(DI$3>DJ$3,DI7>DJ7),1,IF(AND(DI$3<DJ$3,DI7<DJ7),1,IF(AND(DI$3=DJ$3,DI7=DJ7),1,0))))) | DL7: 3 | DM7: 1 | DN7: =IF(OR(ISBLANK(DL7),ISBLANK(DM7),ISBLANK(DL$3)),"",IF(AND(DL7=DL$3,DM$3=DM7),3,IF(AND(DL$3>DM$3,DL7>DM7),1,IF(AND(DL$3<DM$3,DL7<DM7),1,IF(AND(DL$3=DM$3,DL7=DM7),1,0))))) | DO7: 2 | DP7: 0 | DQ7: =IF(OR(ISBLANK(DO7),ISBLANK(DP7),ISBLANK(DO$3)),"",IF(AND(DO7=DO$3,DP$3=DP7),3,IF(AND(DO$3>DP$3,DO7>DP7),1,IF(AND(DO$3<DP$3,DO7<DP7),1,IF(AND(DO$3=DP$3,DO7=DP7),1,0))))) | DR7: 2 | DS7: 1 | DT7: =IF(OR(ISBLANK(DR7),ISBLANK(DS7),ISBLANK(DR$3)),"",IF(AND(DR7=DR$3,DS$3=DS7),3,IF(AND(DR$3>DS$3,DR7>DS7),1,IF(AND(DR$3<DS$3,DR7<DS7),1,IF(AND(DR$3=DS$3,DR7=DS7),1,0))))) | DU7: 3 | DV7: 0 | DW7: =IF(OR(ISBLANK(DU7),ISBLANK(DV7),ISBLANK(DU$3)),"",IF(AND(DU7=DU$3,DV$3=DV7),3,IF(AND(DU$3>DV$3,DU7>DV7),1,IF(AND(DU$3<DV$3,DU7<DV7),1,IF(AND(DU$3=DV$3,DU7=DV7),1,0))))) | DX7: 4 | DY7: 0 | DZ7: =IF(OR(ISBLANK(DX7),ISBLANK(DY7),ISBLANK(DX$3)),"",IF(AND(DX7=DX$3,DY$3=DY7),3,IF(AND(DX$3>DY$3,DX7>DY7),1,IF(AND(DX$3<DY$3,DX7<DY7),1,IF(AND(DX$3=DY$3,DX7=DY7),1,0))))) | EA7: 3 | EB7: 1 | EC7: =IF(OR(ISBLANK(EA7),ISBLANK(EB7),ISBLANK(EA$3)),"",IF(AND(EA7=EA$3,EB$3=EB7),3,IF(AND(EA$3>EB$3,EA7>EB7),1,IF(AND(EA$3<EB$3,EA7<EB7),1,IF(AND(EA$3=EB$3,EA7=EB7),1,0))))) | ED7: 1 | EE7: 2 | EF7: =IF(OR(ISBLANK(ED7),ISBLANK(EE7),ISBLANK(ED$3)),"",IF(AND(ED7=ED$3,EE$3=EE7),3,IF(AND(ED$3>EE$3,ED7>EE7),1,IF(AND(ED$3<EE$3,ED7<EE7),1,IF(AND(ED$3=EE$3,ED7=EE7),1,0))))) | EG7: 2 | EH7: 1 | EI7: =IF(OR(ISBLANK(EG7),ISBLANK(EH7),ISBLANK(EG$3)),"",IF(AND(EG7=EG$3,EH$3=EH7),3,IF(AND(EG$3>EH$3,EG7>EH7),1,IF(AND(EG$3<EH$3,EG7<EH7),1,IF(AND(EG$3=EH$3,EG7=EH7),1,0))))) | EJ7: 3 | EK7: 0 | EL7: =IF(OR(ISBLANK(EJ7),ISBLANK(EK7),ISBLANK(EJ$3)),"",IF(AND(EJ7=EJ$3,EK$3=EK7),3,IF(AND(EJ$3>EK$3,EJ7>EK7),1,IF(AND(EJ$3<EK$3,EJ7<EK7),1,IF(AND(EJ$3=EK$3,EJ7=EK7),1,0))))) | EM7: 0 | EN7: 3 | EO7: =IF(OR(ISBLANK(EM7),ISBLANK(EN7),ISBLANK(EM$3)),"",IF(AND(EM7=EM$3,EN$3=EN7),3,IF(AND(EM$3>EN$3,EM7>EN7),1,IF(AND(EM$3<EN$3,EM7<EN7),1,IF(AND(EM$3=EN$3,EM7=EN7),1,0))))) | EP7: 2 | EQ7: 1 | ER7: =IF(OR(ISBLANK(EP7),ISBLANK(EQ7),ISBLANK(EP$3)),"",IF(AND(EP7=EP$3,EQ$3=EQ7),3,IF(AND(EP$3>EQ$3,EP7>EQ7),1,IF(AND(EP$3<EQ$3,EP7<EQ7),1,IF(AND(EP$3=EQ$3,EP7=EQ7),1,0))))) | EU7: =IF(OR(ISBLANK(ES7),ISBLANK(ET7),ISBLANK(ES$3)),"",IF(AND(ES7=ES$3,ET$3=ET7),3,IF(AND(ES$3>ET$3,ES7>ET7),1,IF(AND(ES$3<ET$3,ES7<ET7),1,IF(AND(ES$3=ET$3,ES7=ET7),1,0))))) | EX7: =IF(OR(ISBLANK(EV7),ISBLANK(EW7),ISBLANK(EV$3)),"",IF(AND(EV7=EV$3,EW$3=EW7),3,IF(AND(EV$3>EW$3,EV7>EW7),1,IF(AND(EV$3<EW$3,EV7<EW7),1,IF(AND(EV$3=EW$3,EV7=EW7),1,0))))) | FA7: =IF(OR(ISBLANK(EY7),ISBLANK(EZ7),ISBLANK(EY$3)),"",IF(AND(EY7=EY$3,EZ$3=EZ7),3,IF(AND(EY$3>EZ$3,EY7>EZ7),1,IF(AND(EY$3<EZ$3,EY7<EZ7),1,IF(AND(EY$3=EZ$3,EY7=EZ7),1,0))))) | FD7: =IF(OR(ISBLANK(FB7),ISBLANK(FC7),ISBLANK(FB$3)),"",IF(AND(FB7=FB$3,FC$3=FC7),3,IF(AND(FB$3>FC$3,FB7>FC7),1,IF(AND(FB$3<FC$3,FB7<FC7),1,IF(AND(FB$3=FC$3,FB7=FC7),1,0))))) | FG7: =IF(OR(ISBLANK(FE7),ISBLANK(FF7),ISBLANK(FE$3)),"",IF(AND(FE7=FE$3,FF$3=FF7),3,IF(AND(FE$3>FF$3,FE7>FF7),1,IF(AND(FE$3<FF$3,FE7<FF7),1,IF(AND(FE$3=FF$3,FE7=FF7),1,0))))) | FJ7: =IF(OR(ISBLANK(FH7),ISBLANK(FI7),ISBLANK(FH$3)),"",IF(AND(FH7=FH$3,FI$3=FI7),3,IF(AND(FH$3>FI$3,FH7>FI7),1,IF(AND(FH$3<FI$3,FH7<FI7),1,IF(AND(FH$3=FI$3,FH7=FI7),1,0))))) | FM7: =IF(OR(ISBLANK(FK7),ISBLANK(FL7),ISBLANK(FK$3)),"",IF(AND(FK7=FK$3,FL$3=FL7),3,IF(AND(FK$3>FL$3,FK7>FL7),1,IF(AND(FK$3<FL$3,FK7<FL7),1,IF(AND(FK$3=FL$3,FK7=FL7),1,0))))) | FP7: =IF(OR(ISBLANK(FN7),ISBLANK(FO7),ISBLANK(FN$3)),"",IF(AND(FN7=FN$3,FO$3=FO7),3,IF(AND(FN$3>FO$3,FN7>FO7),1,IF(AND(FN$3<FO$3,FN7<FO7),1,IF(AND(FN$3=FO$3,FN7=FO7),1,0))))) | FS7: =IF(OR(ISBLANK(FQ7),ISBLANK(FR7),ISBLANK(FQ$3)),"",IF(AND(FQ7=FQ$3,FR$3=FR7),3,IF(AND(FQ$3>FR$3,FQ7>FR7),1,IF(AND(FQ$3<FR$3,FQ7<FR7),1,IF(AND(FQ$3=FR$3,FQ7=FR7),1,0))))) | FV7: =IF(OR(ISBLANK(FT7),ISBLANK(FU7),ISBLANK(FT$3)),"",IF(AND(FT7=FT$3,FU$3=FU7),3,IF(AND(FT$3>FU$3,FT7>FU7),1,IF(AND(FT$3<FU$3,FT7<FU7),1,IF(AND(FT$3=FU$3,FT7=FU7),1,0))))) | FY7: =IF(OR(ISBLANK(FW7),ISBLANK(FX7),ISBLANK(FW$3)),"",IF(AND(FW7=FW$3,FX$3=FX7),3,IF(AND(FW$3>FX$3,FW7>FX7),1,IF(AND(FW$3<FX$3,FW7<FX7),1,IF(AND(FW$3=FX$3,FW7=FX7),1,0))))) | GB7: =IF(OR(ISBLANK(FZ7),ISBLANK(GA7),ISBLANK(FZ$3)),"",IF(AND(FZ7=FZ$3,GA$3=GA7),3,IF(AND(FZ$3>GA$3,FZ7>GA7),1,IF(AND(FZ$3<GA$3,FZ7<GA7),1,IF(AND(FZ$3=GA$3,FZ7=GA7),1,0))))) | GE7: =IF(OR(ISBLANK(GC7),ISBLANK(GD7),ISBLANK(GC$3)),"",IF(AND(GC7=GC$3,GD$3=GD7),3,IF(AND(GC$3>GD$3,GC7>GD7),1,IF(AND(GC$3<GD$3,GC7<GD7),1,IF(AND(GC$3=GD$3,GC7=GD7),1,0))))) | GH7: =IF(OR(ISBLANK(GF7),ISBLANK(GG7),ISBLANK(GF$3)),"",IF(AND(GF7=GF$3,GG$3=GG7),3,IF(AND(GF$3>GG$3,GF7>GG7),1,IF(AND(GF$3<GG$3,GF7<GG7),1,IF(AND(GF$3=GG$3,GF7=GG7),1,0))))) | GK7: =IF(OR(ISBLANK(GI7),ISBLANK(GJ7),ISBLANK(GI$3)),"",IF(AND(GI7=GI$3,GJ$3=GJ7),3,IF(AND(GI$3>GJ$3,GI7>GJ7),1,IF(AND(GI$3<GJ$3,GI7<GJ7),1,IF(AND(GI$3=GJ$3,GI7=GJ7),1,0))))) | GN7: =IF(OR(ISBLANK(GL7),ISBLANK(GM7),ISBLANK(GL$3)),"",IF(AND(GL7=GL$3,GM$3=GM7),3,IF(AND(GL$3>GM$3,GL7>GM7),1,IF(AND(GL$3<GM$3,GL7<GM7),1,IF(AND(GL$3=GM$3,GL7=GM7),1,0))))) | GQ7: =IF(OR(ISBLANK(GO7),ISBLANK(GP7),ISBLANK(GO$3)),"",IF(AND(GO7=GO$3,GP$3=GP7),3,IF(AND(GO$3>GP$3,GO7>GP7),1,IF(AND(GO$3<GP$3,GO7<GP7),1,IF(AND(GO$3=GP$3,GO7=GP7),1,0))))) | GT7: =IF(OR(ISBLANK(GR7),ISBLANK(GS7),ISBLANK(GR$3)),"",IF(AND(GR7=GR$3,GS$3=GS7),3,IF(AND(GR$3>GS$3,GR7>GS7),1,IF(AND(GR$3<GS$3,GR7<GS7),1,IF(AND(GR$3=GS$3,GR7=GS7),1,0))))) | GW7: =IF(OR(ISBLANK(GU7),ISBLANK(GV7),ISBLANK(GU$3)),"",IF(AND(GU7=GU$3,GV$3=GV7),3,IF(AND(GU$3>GV$3,GU7>GV7),1,IF(AND(GU$3<GV$3,GU7<GV7),1,IF(AND(GU$3=GV$3,GU7=GV7),1,0))))) | GZ7: =IF(OR(ISBLANK(GX7),ISBLANK(GY7),ISBLANK(GX$3)),"",IF(AND(GX7=GX$3,GY$3=GY7),3,IF(AND(GX$3>GY$3,GX7>GY7),1,IF(AND(GX$3<GY$3,GX7<GY7),1,IF(AND(GX$3=GY$3,GX7=GY7),1,0))))) | HC7: =IF(OR(ISBLANK(HA7),ISBLANK(HB7),ISBLANK(HA$3)),"",IF(AND(HA7=HA$3,HB$3=HB7),3,IF(AND(HA$3>HB$3,HA7>HB7),1,IF(AND(HA$3<HB$3,HA7<HB7),1,IF(AND(HA$3=HB$3,HA7=HB7),1,0))))) | HF7: =IF(OR(ISBLANK(HD7),ISBLANK(HE7),ISBLANK(HD$3)),"",IF(AND(HD7=HD$3,HE$3=HE7),3,IF(AND(HD$3>HE$3,HD7>HE7),1,IF(AND(HD$3<HE$3,HD7<HE7),1,IF(AND(HD$3=HE$3,HD7=HE7),1,0))))) | HI7: =IF(OR(ISBLANK(HG7),ISBLANK(HH7),ISBLANK(HG$3)),"",IF(AND(HG7=HG$3,HH$3=HH7),3,IF(AND(HG$3>HH$3,HG7>HH7),1,IF(AND(HG$3<HH$3,HG7<HH7),1,IF(AND(HG$3=HH$3,HG7=HH7),1,0))))) | HL7: =IF(OR(ISBLANK(HJ7),ISBLANK(HK7),ISBLANK(HJ$3)),"",IF(AND(HJ7=HJ$3,HK$3=HK7),3,IF(AND(HJ$3>HK$3,HJ7>HK7),1,IF(AND(HJ$3<HK$3,HJ7<HK7),1,IF(AND(HJ$3=HK$3,HJ7=HK7),1,0))))) | HO7: =IF(OR(ISBLANK(HM7),ISBLANK(HN7),ISBLANK(HM$3)),"",IF(AND(HM7=HM$3,HN$3=HN7),3,IF(AND(HM$3>HN$3,HM7>HN7),1,IF(AND(HM$3<HN$3,HM7<HN7),1,IF(AND(HM$3=HN$3,HM7=HN7),1,0))))) | HR7: =IF(OR(ISBLANK(HP7),ISBLANK(HQ7),ISBLANK(HP$3)),"",IF(AND(HP7=HP$3,HQ$3=HQ7),3,IF(AND(HP$3>HQ$3,HP7>HQ7),1,IF(AND(HP$3<HQ$3,HP7<HQ7),1,IF(AND(HP$3=HQ$3,HP7=HQ7),1,0))))) | HU7: =IF(OR(ISBLANK(HS7),ISBLANK(HT7),ISBLANK(HS$3)),"",IF(AND(HS7=HS$3,HT$3=HT7),3,IF(AND(HS$3>HT$3,HS7>HT7),1,IF(AND(HS$3<HT$3,HS7<HT7),1,IF(AND(HS$3=HT$3,HS7=HT7),1,0))))) | HX7: =IF(OR(ISBLANK(HV7),ISBLANK(HW7),ISBLANK(HV$3)),"",IF(AND(HV7=HV$3,HW$3=HW7),3,IF(AND(HV$3>HW$3,HV7>HW7),1,IF(AND(HV$3<HW$3,HV7<HW7),1,IF(AND(HV$3=HW$3,HV7=HW7),1,0))))) | IA7: =IF(OR(ISBLANK(HY7),ISBLANK(HZ7),ISBLANK(HY$3)),"",IF(AND(HY7=HY$3,HZ$3=HZ7),3,IF(AND(HY$3>HZ$3,HY7>HZ7),1,IF(AND(HY$3<HZ$3,HY7<HZ7),1,IF(AND(HY$3=HZ$3,HY7=HZ7),1,0))))) | ID7: =IF(OR(ISBLANK(IB7),ISBLANK(IC7),ISBLANK(IB$3)),"",IF(AND(IB7=IB$3,IC$3=IC7),3,IF(AND(IB$3>IC$3,IB7>IC7),1,IF(AND(IB$3<IC$3,IB7<IC7),1,IF(AND(IB$3=IC$3,IB7=IC7),1,0))))) | IG7: =IF(OR(ISBLANK(IE7),ISBLANK(IF7),ISBLANK(IE$3)),"",IF(AND(IE7=IE$3,IF$3=IF7),3,IF(AND(IE$3>IF$3,IE7>IF7),1,IF(AND(IE$3<IF$3,IE7<IF7),1,IF(AND(IE$3=IF$3,IE7=IF7),1,0))))) | IJ7: =IF(OR(ISBLANK(IH7),ISBLANK(II7),ISBLANK(IH$3)),"",IF(AND(IH7=IH$3,II$3=II7),3,IF(AND(IH$3>II$3,IH7>II7),1,IF(AND(IH$3<II$3,IH7<II7),1,IF(AND(IH$3=II$3,IH7=II7),1,0))))) | IM7: =IF(OR(ISBLANK(IK7),ISBLANK(IL7),ISBLANK(IK$3)),"",IF(AND(IK7=IK$3,IL$3=IL7),3,IF(AND(IK$3>IL$3,IK7>IL7),1,IF(AND(IK$3<IL$3,IK7<IL7),1,IF(AND(IK$3=IL$3,IK7=IL7),1,0))))) | IP7: =IF(OR(ISBLANK(IN7),ISBLANK(IO7),ISBLANK(IN$3)),"",IF(AND(IN7=IN$3,IO$3=IO7),3,IF(AND(IN$3>IO$3,IN7>IO7),1,IF(AND(IN$3<IO$3,IN7<IO7),1,IF(AND(IN$3=IO$3,IN7=IO7),1,0))))) | IS7: =IF(OR(ISBLANK(IQ7),ISBLANK(IR7),ISBLANK(IQ$3)),"",IF(AND(IQ7=IQ$3,IR$3=IR7),3,IF(AND(IQ$3>IR$3,IQ7>IR7),1,IF(AND(IQ$3<IR$3,IQ7<IR7),1,IF(AND(IQ$3=IR$3,IQ7=IR7),1,0))))) | IV7: =IF(OR(ISBLANK(IT7),ISBLANK(IU7),ISBLANK(IT$3)),"",IF(AND(IT7=IT$3,IU$3=IU7),3,IF(AND(IT$3>IU$3,IT7>IU7),1,IF(AND(IT$3<IU$3,IT7<IU7),1,IF(AND(IT$3=IU$3,IT7=IU7),1,0))))) | IY7: =IF(OR(ISBLANK(IW7),ISBLANK(IX7),ISBLANK(IW$3)),"",IF(AND(IW7=IW$3,IX$3=IX7),3,IF(AND(IW$3>IX$3,IW7>IX7),1,IF(AND(IW$3<IX$3,IW7<IX7),1,IF(AND(IW$3=IX$3,IW7=IX7),1,0))))) | JB7: =IF(OR(ISBLANK(IZ7),ISBLANK(JA7),ISBLANK(IZ$3)),"",IF(AND(IZ7=IZ$3,JA$3=JA7),3,IF(AND(IZ$3>JA$3,IZ7>JA7),1,IF(AND(IZ$3<JA$3,IZ7<JA7),1,IF(AND(IZ$3=JA$3,IZ7=JA7),1,0))))) | JE7: =IF(OR(ISBLANK(JC7),ISBLANK(JD7),ISBLANK(JC$3)),"",IF(AND(JC7=JC$3,JD$3=JD7),3,IF(AND(JC$3>JD$3,JC7>JD7),1,IF(AND(JC$3<JD$3,JC7<JD7),1,IF(AND(JC$3=JD$3,JC7=JD7),1,0))))) | JH7: =IF(OR(ISBLANK(JF7),ISBLANK(JG7),ISBLANK(JF$3)),"",IF(AND(JF7=JF$3,JG$3=JG7),3,IF(AND(JF$3>JG$3,JF7>JG7),1,IF(AND(JF$3<JG$3,JF7<JG7),1,IF(AND(JF$3=JG$3,JF7=JG7),1,0))))) | JK7: =IF(OR(ISBLANK(JI7),ISBLANK(JJ7),ISBLANK(JI$3)),"",IF(AND(JI7=JI$3,JJ$3=JJ7),3,IF(AND(JI$3>JJ$3,JI7>JJ7),1,IF(AND(JI$3<JJ$3,JI7<JJ7),1,IF(AND(JI$3=JJ$3,JI7=JJ7),1,0))))) | JN7: =IF(OR(ISBLANK(JL7),ISBLANK(JM7),ISBLANK(JL$3)),"",IF(AND(JL7=JL$3,JM$3=JM7),3,IF(AND(JL$3>JM$3,JL7>JM7),1,IF(AND(JL$3<JM$3,JL7<JM7),1,IF(AND(JL$3=JM$3,JL7=JM7),1,0))))) | JQ7: =IF(OR(ISBLANK(JO7),ISBLANK(JP7),ISBLANK(JO$3)),"",IF(AND(JO7=JO$3,JP$3=JP7),3,IF(AND(JO$3>JP$3,JO7>JP7),1,IF(AND(JO$3<JP$3,JO7<JP7),1,IF(AND(JO$3=JP$3,JO7=JP7),1,0))))) | JT7: =IF(OR(ISBLANK(JR7),ISBLANK(JS7),ISBLANK(JR$3)),"",IF(AND(JR7=JR$3,JS$3=JS7),3,IF(AND(JR$3>JS$3,JR7>JS7),1,IF(AND(JR$3<JS$3,JR7<JS7),1,IF(AND(JR$3=JS$3,JR7=JS7),1,0))))) | JW7: =IF(OR(ISBLANK(JU7),ISBLANK(JV7),ISBLANK(JU$3)),"",IF(AND(JU7=JU$3,JV$3=JV7),3,IF(AND(JU$3>JV$3,JU7>JV7),1,IF(AND(JU$3<JV$3,JU7<JV7),1,IF(AND(JU$3=JV$3,JU7=JV7),1,0))))) | JZ7: =IF(OR(ISBLANK(JX7),ISBLANK(JY7),ISBLANK(JX$3)),"",IF(AND(JX7=JX$3,JY$3=JY7),3,IF(AND(JX$3>JY$3,JX7>JY7),1,IF(AND(JX$3<JY$3,JX7<JY7),1,IF(AND(JX$3=JY$3,JX7=JY7),1,0))))) | KC7: =IF(OR(ISBLANK(KA7),ISBLANK(KB7),ISBLANK(KA$3)),"",IF(AND(KA7=KA$3,KB$3=KB7),3,IF(AND(KA$3>KB$3,KA7>KB7),1,IF(AND(KA$3<KB$3,KA7<KB7),1,IF(AND(KA$3=KB$3,KA7=KB7),1,0))))) | KF7: =IF(OR(ISBLANK(KD7),ISBLANK(KE7),ISBLANK(KD$3)),"",IF(AND(KD7=KD$3,KE$3=KE7),3,IF(AND(KD$3>KE$3,KD7>KE7),1,IF(AND(KD$3<KE$3,KD7<KE7),1,IF(AND(KD$3=KE$3,KD7=KE7),1,0))))) | KI7: =IF(OR(ISBLANK(KG7),ISBLANK(KH7),ISBLANK(KG$3)),"",IF(AND(KG7=KG$3,KH$3=KH7),5,IF(AND(KG$3>KH$3,KG7>KH7),1,IF(AND(KG$3<KH$3,KG7<KH7),1,IF(AND(KG$3=KH$3,KG7=KH7),1,0))))) | KL7: =IF(OR(ISBLANK(KJ7),ISBLANK(KK7),ISBLANK(KJ$3)),"",IF(AND(KJ7=KJ$3,KK$3=KK7),5,IF(AND(KJ$3>KK$3,KJ7>KK7),1,IF(AND(KJ$3<KK$3,KJ7<KK7),1,IF(AND(KJ$3=KK$3,KJ7=KK7),1,0))))) | KO7: =IF(OR(ISBLANK(KM7),ISBLANK(KN7),ISBLANK(KM$3)),"",IF(AND(KM7=KM$3,KN$3=KN7),5,IF(AND(KM$3>KN$3,KM7>KN7),1,IF(AND(KM$3<KN$3,KM7<KN7),1,IF(AND(KM$3=KN$3,KM7=KN7),1,0))))) | KR7: =IF(OR(ISBLANK(KP7),ISBLANK(KQ7),ISBLANK(KP$3)),"",IF(AND(KP7=KP$3,KQ$3=KQ7),5,IF(AND(KP$3>KQ$3,KP7>KQ7),1,IF(AND(KP$3<KQ$3,KP7<KQ7),1,IF(AND(KP$3=KQ$3,KP7=KQ7),1,0))))) | KU7: =IF(OR(ISBLANK(KS7),ISBLANK(KT7),ISBLANK(KS$3)),"",IF(AND(KS7=KS$3,KT$3=KT7),5,IF(AND(KS$3>KT$3,KS7>KT7),1,IF(AND(KS$3<KT$3,KS7<KT7),1,IF(AND(KS$3=KT$3,KS7=KT7),1,0))))) | KX7: =IF(OR(ISBLANK(KV7),ISBLANK(KW7),ISBLANK(KV$3)),"",IF(AND(KV7=KV$3,KW$3=KW7),5,IF(AND(KV$3>KW$3,KV7>KW7),1,IF(AND(KV$3<KW$3,KV7<KW7),1,IF(AND(KV$3=KW$3,KV7=KW7),1,0))))) | LA7: =IF(OR(ISBLANK(KY7),ISBLANK(KZ7),ISBLANK(KY$3)),"",IF(AND(KY7=KY$3,KZ$3=KZ7),5,IF(AND(KY$3>KZ$3,KY7>KZ7),1,IF(AND(KY$3<KZ$3,KY7<KZ7),1,IF(AND(KY$3=KZ$3,KY7=KZ7),1,0))))) | LD7: =IF(OR(ISBLANK(LB7),ISBLANK(LC7),ISBLANK(LB$3)),"",IF(AND(LB7=LB$3,LC$3=LC7),5,IF(AND(LB$3>LC$3,LB7>LC7),1,IF(AND(LB$3<LC$3,LB7<LC7),1,IF(AND(LB$3=LC$3,LB7=LC7),1,0))))) | LF7: =IF(ISBLANK(LE7),"",IF(LE5=LE7,5,0)) | LH7: =IF(ISBLANK(LG7),"",IF(LG5=LG7,5,0)) | LJ7: =IF(ISBLANK(LI7),"",IF(LI5=LI7,5,0)) | LL7: =IF(ISBLANK(LK7),"",IF(LK5=LK7,5,0)) | LN7: =IF(ISBLANK(LM7),"",IF(LM5=LM7,5,0))
A8: 5 | B8: andrey rojas | C8: =SUM(G8,J8,M8,P8,S8,V8,Y8,AB8,AE8,AH8,AK8,AN8,AQ8,AT8,AW8,AZ8,BC8,BF8,BI8,BL8,BO8,BR8,BU8,BX8,CA8,CD8,CG8,CJ8,CM8,CP8,CS8,CV8,CY8,DB8,DE8,DH8,DK8,DN8,DQ8,DT8,DW8,DZ8,EC8,EF8,EI8,EL8,EO8,ER8,EU8,EX8,FA8,FD8,FG8,FJ8,FM8,FP8,FS8,FV8,FY8,GB8,GE8,GH8,GK8,GN8,GQ8,GT8,GW8,GZ8,HC8,HF8,HI8,HL8,HO8,HR8,HU8,HX8,IA8,ID8,IG8,IJ8,IM8,IP8,IS8,IV8,IY8,JB8,JE8,JH8,JK8,JN8,JQ8,JT8,JW8,JZ8,KC8,KF8,KI8,KL8,KO8,KR8,KU8,KX8,LA8,LD8,LF8,LH8,LJ8,LL8) -> 17 | D8: =VLOOKUP(B8,polla,2,FALSE) -> 2 | E8: 2 | F8: 1 | G8: =IF(OR(ISBLANK(E8),ISBLANK(F8),ISBLANK(E$3)),"",IF(AND(E8=E$3,F$3=F8),3,IF(AND(E$3>F$3,E8>F8),1,IF(AND(E$3<F$3,E8<F8),1,IF(AND(E$3=F$3,E8=F8),1,0))))) -> 1 | H8: 1 | I8: 0 | J8: =IF(OR(ISBLANK(H8),ISBLANK(I8),ISBLANK(H$3)),"",IF(AND(H8=H$3,I$3=I8),3,IF(AND(H$3>I$3,H8>I8),1,IF(AND(H$3<I$3,H8<I8),1,IF(AND(H$3=I$3,H8=I8),1,0))))) -> 1 | K8: 3 | L8: 0 | M8: =IF(OR(ISBLANK(K8),ISBLANK(L8),ISBLANK(K$3)),"",IF(AND(K8=K$3,L$3=L8),3,IF(AND(K$3>L$3,K8>L8),1,IF(AND(K$3<L$3,K8<L8),1,IF(AND(K$3=L$3,K8=L8),1,0))))) -> 0 | N8: 3 | O8: 1 | P8: =IF(OR(ISBLANK(N8),ISBLANK(O8),ISBLANK(N$3)),"",IF(AND(N8=N$3,O$3=O8),3,IF(AND(N$3>O$3,N8>O8),1,IF(AND(N$3<O$3,N8<O8),1,IF(AND(N$3=O$3,N8=O8),1,0))))) -> 1 | Q8: 1 | R8: 3 | S8: =IF(OR(ISBLANK(Q8),ISBLANK(R8),ISBLANK(Q$3)),"",IF(AND(Q8=Q$3,R$3=R8),3,IF(AND(Q$3>R$3,Q8>R8),1,IF(AND(Q$3<R$3,Q8<R8),1,IF(AND(Q$3=R$3,Q8=R8),1,0))))) -> 0 | T8: 2 | U8: 2 | V8: =IF(OR(ISBLANK(T8),ISBLANK(U8),ISBLANK(T$3)),"",IF(AND(T8=T$3,U$3=U8),3,IF(AND(T$3>U$3,T8>U8),1,IF(AND(T$3<U$3,T8<U8),1,IF(AND(T$3=U$3,T8=U8),1,0))))) -> 1 | W8: 0 | X8: 1 | Y8: =IF(OR(ISBLANK(W8),ISBLANK(X8),ISBLANK(W$3)),"",IF(AND(W8=W$3,X$3=X8),3,IF(AND(W$3>X$3,W8>X8),1,IF(AND(W$3<X$3,W8<X8),1,IF(AND(W$3=X$3,W8=X8),1,0))))) -> 3 | Z8: 1 | AA8: 2 | AB8: =IF(OR(ISBLANK(Z8),ISBLANK(AA8),ISBLANK(Z$3)),"",IF(AND(Z8=Z$3,AA$3=AA8),3,IF(AND(Z$3>AA$3,Z8>AA8),1,IF(AND(Z$3<AA$3,Z8<AA8),1,IF(AND(Z$3=AA$3,Z8=AA8),1,0))))) -> 0 | AC8: 5 | AD8: 0 | AE8: =IF(OR(ISBLANK(AC8),ISBLANK(AD8),ISBLANK(AC$3)),"",IF(AND(AC8=AC$3,AD$3=AD8),3,IF(AND(AC$3>AD$3,AC8>AD8),1,IF(AND(AC$3<AD$3,AC8<AD8),1,IF(AND(AC$3=AD$3,AC8=AD8),1,0))))) -> 1 | AF8: 3 | AG8: 1 | AH8: =IF(OR(ISBLANK(AF8),ISBLANK(AG8),ISBLANK(AF$3)),"",IF(AND(AF8=AF$3,AG$3=AG8),3,IF(AND(AF$3>AG$3,AF8>AG8),1,IF(AND(AF$3<AG$3,AF8<AG8),1,IF(AND(AF$3=AG$3,AF8=AG8),1,0))))) -> 0 | AI8: 1 | AJ8: 1 | AK8: =IF(OR(ISBLANK(AI8),ISBLANK(AJ8),ISBLANK(AI$3)),"",IF(AND(AI8=AI$3,AJ$3=AJ8),3,IF(AND(AI$3>AJ$3,AI8>AJ8),1,IF(AND(AI$3<AJ$3,AI8<AJ8),1,IF(AND(AI$3=AJ$3,AI8=AJ8),1,0))))) -> 0 | AL8: 2 | AM8: 0 | AN8: =IF(OR(ISBLANK(AL8),ISBLANK(AM8),ISBLANK(AL$3)),"",IF(AND(AL8=AL$3,AM$3=AM8),3,IF(AND(AL$3>AM$3,AL8>AM8),1,IF(AND(AL$3<AM$3,AL8<AM8),1,IF(AND(AL$3=AM$3,AL8=AM8),1,0))))) -> 1 | AO8: 5 | AP8: 0 | AQ8: =IF(OR(ISBLANK(AO8),ISBLANK(AP8),ISBLANK(AO$3)),"",IF(AND(AO8=AO$3,AP$3=AP8),3,IF(AND(AO$3>AP$3,AO8>AP8),1,IF(AND(AO$3<AP$3,AO8<AP8),1,IF(AND(AO$3=AP$3,AO8=AP8),1,0))))) -> 0 | AR8: 3 | AS8: 1 | AT8: =IF(OR(ISBLANK(AR8),ISBLANK(AS8),ISBLANK(AR$3)),"",IF(AND(AR8=AR$3,AS$3=AS8),3,IF(AND(AR$3>AS$3,AR8>AS8),1,IF(AND(AR$3<AS$3,AR8<AS8),1,IF(AND(AR$3=AS$3,AR8=AS8),1,0))))) -> 0 | AU8: 0 | AV8: 2 | AW8: =IF(OR(ISBLANK(AU8),ISBLANK(AV8),ISBLANK(AU$3)),"",IF(AND(AU8=AU$3,AV$3=AV8),3,IF(AND(AU$3>AV$3,AU8>AV8),1,IF(AND(AU$3<AV$3,AU8<AV8),1,IF(AND(AU$3=AV$3,AU8=AV8),1,0))))) -> 0 | AX8: 1 | AY8: 2 | AZ8: =IF(OR(ISBLANK(AX8),ISBLANK(AY8),ISBLANK(AX$3)),"",IF(AND(AX8=AX$3,AY$3=AY8),3,IF(AND(AX$3>AY$3,AX8>AY8),1,IF(AND(AX$3<AY$3,AX8<AY8),1,IF(AND(AX$3=AY$3,AX8=AY8),1,0))))) -> 0 | BA8: 4 | BB8: 2 | BC8: =IF(OR(ISBLANK(BA8),ISBLANK(BB8),ISBLANK(BA$3)),"",IF(AND(BA8=BA$3,BB$3=BB8),3,IF(AND(BA$3>BB$3,BA8>BB8),1,IF(AND(BA$3<BB$3,BA8<BB8),1,IF(AND(BA$3=BB$3,BA8=BB8),1,0))))) -> 1 | BD8: 1 | BE8: 2 | BF8: =IF(OR(ISBLANK(BD8),ISBLANK(BE8),ISBLANK(BD$3)),"",IF(AND(BD8=BD$3,BE$3=BE8),3,IF(AND(BD$3>BE$3,BD8>BE8),1,IF(AND(BD$3<BE$3,BD8<BE8),1,IF(AND(BD$3=BE$3,BD8=BE8),1,0))))) -> 1 | BG8: 2 | BH8: 1 | BI8: =IF(OR(ISBLANK(BG8),ISBLANK(BH8),ISBLANK(BG$3)),"",IF(AND(BG8=BG$3,BH$3=BH8),3,IF(AND(BG$3>BH$3,BG8>BH8),1,IF(AND(BG$3<BH$3,BG8<BH8),1,IF(AND(BG$3=BH$3,BG8=BH8),1,0))))) -> 1 | BJ8: 2 | BK8: 1 | BL8: =IF(OR(ISBLANK(BJ8),ISBLANK(BK8),ISBLANK(BJ$3)),"",IF(AND(BJ8=BJ$3,BK$3=BK8),3,IF(AND(BJ$3>BK$3,BJ8>BK8),1,IF(AND(BJ$3<BK$3,BJ8<BK8),1,IF(AND(BJ$3=BK$3,BJ8=BK8),1,0))))) -> 1 | BM8: 3 | BN8: 0 | BO8: =IF(OR(ISBLANK(BM8),ISBLANK(BN8),ISBLANK(BM$3)),"",IF(AND(BM8=BM$3,BN$3=BN8),3,IF(AND(BM$3>BN$3,BM8>BN8),1,IF(AND(BM$3<BN$3,BM8<BN8),1,IF(AND(BM$3=BN$3,BM8=BN8),1,0))))) -> 0 | BP8: 2 | BQ8: 1 | BR8: =IF(OR(ISBLANK(BP8),ISBLANK(BQ8),ISBLANK(BP$3)),"",IF(AND(BP8=BP$3,BQ$3=BQ8),3,IF(AND(BP$3>BQ$3,BP8>BQ8),1,IF(AND(BP$3<BQ$3,BP8<BQ8),1,IF(AND(BP$3=BQ$3,BP8=BQ8),1,0))))) -> 1 | BS8: 0 | BT8: 1 | BU8: =IF(OR(ISBLANK(BS8),ISBLANK(BT8),ISBLANK(BS$3)),"",IF(AND(BS8=BS$3,BT$3=BT8),3,IF(AND(BS$3>BT$3,BS8>BT8),1,IF(AND(BS$3<BT$3,BS8<BT8),1,IF(AND(BS$3=BT$3,BS8=BT8),1,0))))) -> 0 | BV8: 1 | BW8: 3 | BX8: =IF(OR(ISBLANK(BV8),ISBLANK(BW8),ISBLANK(BV$3)),"",IF(AND(BV8=BV$3,BW$3=BW8),3,IF(AND(BV$3>BW$3,BV8>BW8),1,IF(AND(BV$3<BW$3,BV8<BW8),1,IF(AND(BV$3=BW$3,BV8=BW8),1,0))))) -> 3 | BY8: 2 | BZ8: 1 | CA8: =IF(OR(ISBLANK(BY8),ISBLANK(BZ8),ISBLANK(BY$3)),"",IF(AND(BY8=BY$3,BZ$3=BZ8),3,IF(AND(BY$3>BZ$3,BY8>BZ8),1,IF(AND(BY$3<BZ$3,BY8<BZ8),1,IF(AND(BY$3=BZ$3,BY8=BZ8),1,0))))) | CB8: 1 | CC8: 2 | CD8: =IF(OR(ISBLANK(CB8),ISBLANK(CC8),ISBLANK(CB$3)),"",IF(AND(CB8=CB$3,CC$3=CC8),3,IF(AND(CB$3>CC$3,CB8>CC8),1,IF(AND(CB$3<CC$3,CB8<CC8),1,IF(AND(CB$3=CC$3,CB8=CC8),1,0))))) | CE8: 0 | CF8: 1 | CG8: =IF(OR(ISBLANK(CE8),ISBLANK(CF8),ISBLANK(CE$3)),"",IF(AND(CE8=CE$3,CF$3=CF8),3,IF(AND(CE$3>CF$3,CE8>CF8),1,IF(AND(CE$3<CF$3,CE8<CF8),1,IF(AND(CE$3=CF$3,CE8=CF8),1,0))))) | CH8: 2 | CI8: 1 | CJ8: =IF(OR(ISBLANK(CH8),ISBLANK(CI8),ISBLANK(CH$3)),"",IF(AND(CH8=CH$3,CI$3=CI8),3,IF(AND(CH$3>CI$3,CH8>CI8),1,IF(AND(CH$3<CI$3,CH8<CI8),1,IF(AND(CH$3=CI$3,CH8=CI8),1,0))))) | CK8: 1 | CL8: 1 | CM8: =IF(OR(ISBLANK(CK8),ISBLANK(CL8),ISBLANK(CK$3)),"",IF(AND(CK8=CK$3,CL$3=CL8),3,IF(AND(CK$3>CL$3,CK8>CL8),1,IF(AND(CK$3<CL$3,CK8<CL8),1,IF(AND(CK$3=CL$3,CK8=CL8),1,0))))) | CN8: 1 | CO8: 3 | CP8: =IF(OR(ISBLANK(CN8),ISBLANK(CO8),ISBLANK(CN$3)),"",IF(AND(CN8=CN$3,CO$3=CO8),3,IF(AND(CN$3>CO$3,CN8>CO8),1,IF(AND(CN$3<CO$3,CN8<CO8),1,IF(AND(CN$3=CO$3,CN8=CO8),1,0))))) | CQ8: 3 | CR8: 1 | CS8: =IF(OR(ISBLANK(CQ8),ISBLANK(CR8),ISBLANK(CQ$3)),"",IF(AND(CQ8=CQ$3,CR$3=CR8),3,IF(AND(CQ$3>CR$3,CQ8>CR8),1,IF(AND(CQ$3<CR$3,CQ8<CR8),1,IF(AND(CQ$3=CR$3,CQ8=CR8),1,0))))) | CT8: 2 | CU8: 1 | CV8: =IF(OR(ISBLANK(CT8),ISBLANK(CU8),ISBLANK(CT$3)),"",IF(AND(CT8=CT$3,CU$3=CU8),3,IF(AND(CT$3>CU$3,CT8>CU8),1,IF(AND(CT$3<CU$3,CT8<CU8),1,IF(AND(CT$3=CU$3,CT8=CU8),1,0))))) | CW8: 2 | CX8: 0 | CY8: =IF(OR(ISBLANK(CW8),ISBLANK(CX8),ISBLANK(CW$3)),"",IF(AND(CW8=CW$3,CX$3=CX8),3,IF(AND(CW$3>CX$3,CW8>CX8),1,IF(AND(CW$3<CX$3,CW8<CX8),1,IF(AND(CW$3=CX$3,CW8=CX8),1,0))))) | CZ8: 4 | DA8: 1 | DB8: =IF(OR(ISBLANK(CZ8),ISBLANK(DA8),ISBLANK(CZ$3)),"",IF(AND(CZ8=CZ$3,DA$3=DA8),3,IF(AND(CZ$3>DA$3,CZ8>DA8),1,IF(AND(CZ$3<DA$3,CZ8<DA8),1,IF(AND(CZ$3=DA$3,CZ8=DA8),1,0))))) | DC8: 3 | DD8: 1 | DE8: =IF(OR(ISBLANK(DC8),ISBLANK(DD8),ISBLANK(DC$3)),"",IF(AND(DC8=DC$3,DD$3=DD8),3,IF(AND(DC$3>DD$3,DC8>DD8),1,IF(AND(DC$3<DD$3,DC8<DD8),1,IF(AND(DC$3=DD$3,DC8=DD8),1,0))))) | DF8: 1 | DG8: 2 | DH8: =IF(OR(ISBLANK(DF8),ISBLANK(DG8),ISBLANK(DF$3)),"",IF(AND(DF8=DF$3,DG$3=DG8),3,IF(AND(DF$3>DG$3,DF8>DG8),1,IF(AND(DF$3<DG$3,DF8<DG8),1,IF(AND(DF$3=DG$3,DF8=DG8),1,0))))) | DI8: 3 | DJ8: 0 | DK8: =IF(OR(ISBLANK(DI8),ISBLANK(DJ8),ISBLANK(DI$3)),"",IF(AND(DI8=DI$3,DJ$3=DJ8),3,IF(AND(DI$3>DJ$3,DI8>DJ8),1,IF(AND(DI$3<DJ$3,DI8<DJ8),1,IF(AND(DI$3=DJ$3,DI8=DJ8),1,0))))) | DL8: 2 | DM8: 0 | DN8: =IF(OR(ISBLANK(DL8),ISBLANK(DM8),ISBLANK(DL$3)),"",IF(AND(DL8=DL$3,DM$3=DM8),3,IF(AND(DL$3>DM$3,DL8>DM8),1,IF(AND(DL$3<DM$3,DL8<DM8),1,IF(AND(DL$3=DM$3,DL8=DM8),1,0))))) | DO8: 3 | DP8: 1 | DQ8: =IF(OR(ISBLANK(DO8),ISBLANK(DP8),ISBLANK(DO$3)),"",IF(AND(DO8=DO$3,DP$3=DP8),3,IF(AND(DO$3>DP$3,DO8>DP8),1,IF(AND(DO$3<DP$3,DO8<DP8),1,IF(AND(DO$3=DP$3,DO8=DP8),1,0))))) | DR8: 1 | DS8: 2 | DT8: =IF(OR(ISBLANK(DR8),ISBLANK(DS8),ISBLANK(DR$3)),"",IF(AND(DR8=DR$3,DS$3=DS8),3,IF(AND(DR$3>DS$3,DR8>DS8),1,IF(AND(DR$3<DS$3,DR8<DS8),1,IF(AND(DR$3=DS$3,DR8=DS8),1,0))))) | DU8: 3 | DV8: 1 | DW8: =IF(OR(ISBLANK(DU8),ISBLANK(DV8),ISBLANK(DU$3)),"",IF(AND(DU8=DU$3,DV$3=DV8),3,IF(AND(DU$3>DV$3,DU8>DV8),1,IF(AND(DU$3<DV$3,DU8<DV8),1,IF(AND(DU$3=DV$3,DU8=DV8),1,0))))) | DX8: 4 | DY8: 0 | DZ8: =IF(OR(ISBLANK(DX8),ISBLANK(DY8),ISBLANK(DX$3)),"",IF(AND(DX8=DX$3,DY$3=DY8),3,IF(AND(DX$3>DY$3,DX8>DY8),1,IF(AND(DX$3<DY$3,DX8<DY8),1,IF(AND(DX$3=DY$3,DX8=DY8),1,0))))) | EA8: 2 | EB8: 2 | EC8: =IF(OR(ISBLANK(EA8),ISBLANK(EB8),ISBLANK(EA$3)),"",IF(AND(EA8=EA$3,EB$3=EB8),3,IF(AND(EA$3>EB$3,EA8>EB8),1,IF(AND(EA$3<EB$3,EA8<EB8),1,IF(AND(EA$3=EB$3,EA8=EB8),1,0))))) | ED8: 1 | EE8: 1 | EF8: =IF(OR(ISBLANK(ED8),ISBLANK(EE8),ISBLANK(ED$3)),"",IF(AND(ED8=ED$3,EE$3=EE8),3,IF(AND(ED$3>EE$3,ED8>EE8),1,IF(AND(ED$3<EE$3,ED8<EE8),1,IF(AND(ED$3=EE$3,ED8=EE8),1,0))))) | EG8: 2 | EH8: 1 | EI8: =IF(OR(ISBLANK(EG8),ISBLANK(EH8),ISBLANK(EG$3)),"",IF(AND(EG8=EG$3,EH$3=EH8),3,IF(AND(EG$3>EH$3,EG8>EH8),1,IF(AND(EG$3<EH$3,EG8<EH8),1,IF(AND(EG$3=EH$3,EG8=EH8),1,0))))) | EJ8: 3 | EK8: 0 | EL8: =IF(OR(ISBLANK(EJ8),ISBLANK(EK8),ISBLANK(EJ$3)),"",IF(AND(EJ8=EJ$3,EK$3=EK8),3,IF(AND(EJ$3>EK$3,EJ8>EK8),1,IF(AND(EJ$3<EK$3,EJ8<EK8),1,IF(AND(EJ$3=EK$3,EJ8=EK8),1,0))))) | EM8: 3 | EN8: 1 | EO8: =IF(OR(ISBLANK(EM8),ISBLANK(EN8),ISBLANK(EM$3)),"",IF(AND(EM8=EM$3,EN$3=EN8),3,IF(AND(EM$3>EN$3,EM8>EN8),1,IF(AND(EM$3<EN$3,EM8<EN8),1,IF(AND(EM$3=EN$3,EM8=EN8),1,0))))) | EP8: 2 | EQ8: 0 | ER8: =IF(OR(ISBLANK(EP8),ISBLANK(EQ8),ISBLANK(EP$3)),"",IF(AND(EP8=EP$3,EQ$3=EQ8),3,IF(AND(EP$3>EQ$3,EP8>EQ8),1,IF(AND(EP$3<EQ$3,EP8<EQ8),1,IF(AND(EP$3=EQ$3,EP8=EQ8),1,0))))) | EU8: =IF(OR(ISBLANK(ES8),ISBLANK(ET8),ISBLANK(ES$3)),"",IF(AND(ES8=ES$3,ET$3=ET8),3,IF(AND(ES$3>ET$3,ES8>ET8),1,IF(AND(ES$3<ET$3,ES8<ET8),1,IF(AND(ES$3=ET$3,ES8=ET8),1,0))))) | EX8: =IF(OR(ISBLANK(EV8),ISBLANK(EW8),ISBLANK(EV$3)),"",IF(AND(EV8=EV$3,EW$3=EW8),3,IF(AND(EV$3>EW$3,EV8>EW8),1,IF(AND(EV$3<EW$3,EV8<EW8),1,IF(AND(EV$3=EW$3,EV8=EW8),1,0))))) | FA8: =IF(OR(ISBLANK(EY8),ISBLANK(EZ8),ISBLANK(EY$3)),"",IF(AND(EY8=EY$3,EZ$3=EZ8),3,IF(AND(EY$3>EZ$3,EY8>EZ8),1,IF(AND(EY$3<EZ$3,EY8<EZ8),1,IF(AND(EY$3=EZ$3,EY8=EZ8),1,0))))) | FD8: =IF(OR(ISBLANK(FB8),ISBLANK(FC8),ISBLANK(FB$3)),"",IF(AND(FB8=FB$3,FC$3=FC8),3,IF(AND(FB$3>FC$3,FB8>FC8),1,IF(AND(FB$3<FC$3,FB8<FC8),1,IF(AND(FB$3=FC$3,FB8=FC8),1,0))))) | FG8: =IF(OR(ISBLANK(FE8),ISBLANK(FF8),ISBLANK(FE$3)),"",IF(AND(FE8=FE$3,FF$3=FF8),3,IF(AND(FE$3>FF$3,FE8>FF8),1,IF(AND(FE$3<FF$3,FE8<FF8),1,IF(AND(FE$3=FF$3,FE8=FF8),1,0))))) | FJ8: =IF(OR(ISBLANK(FH8),ISBLANK(FI8),ISBLANK(FH$3)),"",IF(AND(FH8=FH$3,FI$3=FI8),3,IF(AND(FH$3>FI$3,FH8>FI8),1,IF(AND(FH$3<FI$3,FH8<FI8),1,IF(AND(FH$3=FI$3,FH8=FI8),1,0))))) | FM8: =IF(OR(ISBLANK(FK8),ISBLANK(FL8),ISBLANK(FK$3)),"",IF(AND(FK8=FK$3,FL$3=FL8),3,IF(AND(FK$3>FL$3,FK8>FL8),1,IF(AND(FK$3<FL$3,FK8<FL8),1,IF(AND(FK$3=FL$3,FK8=FL8),1,0))))) | FP8: =IF(OR(ISBLANK(FN8),ISBLANK(FO8),ISBLANK(FN$3)),"",IF(AND(FN8=FN$3,FO$3=FO8),3,IF(AND(FN$3>FO$3,FN8>FO8),1,IF(AND(FN$3<FO$3,FN8<FO8),1,IF(AND(FN$3=FO$3,FN8=FO8),1,0))))) | FS8: =IF(OR(ISBLANK(FQ8),ISBLANK(FR8),ISBLANK(FQ$3)),"",IF(AND(FQ8=FQ$3,FR$3=FR8),3,IF(AND(FQ$3>FR$3,FQ8>FR8),1,IF(AND(FQ$3<FR$3,FQ8<FR8),1,IF(AND(FQ$3=FR$3,FQ8=FR8),1,0))))) | FV8: =IF(OR(ISBLANK(FT8),ISBLANK(FU8),ISBLANK(FT$3)),"",IF(AND(FT8=FT$3,FU$3=FU8),3,IF(AND(FT$3>FU$3,FT8>FU8),1,IF(AND(FT$3<FU$3,FT8<FU8),1,IF(AND(FT$3=FU$3,FT8=FU8),1,0))))) | FY8: =IF(OR(ISBLANK(FW8),ISBLANK(FX8),ISBLANK(FW$3)),"",IF(AND(FW8=FW$3,FX$3=FX8),3,IF(AND(FW$3>FX$3,FW8>FX8),1,IF(AND(FW$3<FX$3,FW8<FX8),1,IF(AND(FW$3=FX$3,FW8=FX8),1,0))))) | GB8: =IF(OR(ISBLANK(FZ8),ISBLANK(GA8),ISBLANK(FZ$3)),"",IF(AND(FZ8=FZ$3,GA$3=GA8),3,IF(AND(FZ$3>GA$3,FZ8>GA8),1,IF(AND(FZ$3<GA$3,FZ8<GA8),1,IF(AND(FZ$3=GA$3,FZ8=GA8),1,0))))) | GE8: =IF(OR(ISBLANK(GC8),ISBLANK(GD8),ISBLANK(GC$3)),"",IF(AND(GC8=GC$3,GD$3=GD8),3,IF(AND(GC$3>GD$3,GC8>GD8),1,IF(AND(GC$3<GD$3,GC8<GD8),1,IF(AND(GC$3=GD$3,GC8=GD8),1,0))))) | GH8: =IF(OR(ISBLANK(GF8),ISBLANK(GG8),ISBLANK(GF$3)),"",IF(AND(GF8=GF$3,GG$3=GG8),3,IF(AND(GF$3>GG$3,GF8>GG8),1,IF(AND(GF$3<GG$3,GF8<GG8),1,IF(AND(GF$3=GG$3,GF8=GG8),1,0))))) | GK8: =IF(OR(ISBLANK(GI8),ISBLANK(GJ8),ISBLANK(GI$3)),"",IF(AND(GI8=GI$3,GJ$3=GJ8),3,IF(AND(GI$3>GJ$3,GI8>GJ8),1,IF(AND(GI$3<GJ$3,GI8<GJ8),1,IF(AND(GI$3=GJ$3,GI8=GJ8),1,0))))) | GN8: =IF(OR(ISBLANK(GL8),ISBLANK(GM8),ISBLANK(GL$3)),"",IF(AND(GL8=GL$3,GM$3=GM8),3,IF(AND(GL$3>GM$3,GL8>GM8),1,IF(AND(GL$3<GM$3,GL8<GM8),1,IF(AND(GL$3=GM$3,GL8=GM8),1,0))))) | GQ8: =IF(OR(ISBLANK(GO8),ISBLANK(GP8),ISBLANK(GO$3)),"",IF(AND(GO8=GO$3,GP$3=GP8),3,IF(AND(GO$3>GP$3,GO8>GP8),1,IF(AND(GO$3<GP$3,GO8<GP8),1,IF(AND(GO$3=GP$3,GO8=GP8),1,0))))) | GT8: =IF(OR(ISBLANK(GR8),ISBLANK(GS8),ISBLANK(GR$3)),"",IF(AND(GR8=GR$3,GS$3=GS8),3,IF(AND(GR$3>GS$3,GR8>GS8),1,IF(AND(GR$3<GS$3,GR8<GS8),1,IF(AND(GR$3=GS$3,GR8=GS8),1,0))))) | GW8: =IF(OR(ISBLANK(GU8),ISBLANK(GV8),ISBLANK(GU$3)),"",IF(AND(GU8=GU$3,GV$3=GV8),3,IF(AND(GU$3>GV$3,GU8>GV8),1,IF(AND(GU$3<GV$3,GU8<GV8),1,IF(AND(GU$3=GV$3,GU8=GV8),1,0))))) | GZ8: =IF(OR(ISBLANK(GX8),ISBLANK(GY8),ISBLANK(GX$3)),"",IF(AND(GX8=GX$3,GY$3=GY8),3,IF(AND(GX$3>GY$3,GX8>GY8),1,IF(AND(GX$3<GY$3,GX8<GY8),1,IF(AND(GX$3=GY$3,GX8=GY8),1,0))))) | HC8: =IF(OR(ISBLANK(HA8),ISBLANK(HB8),ISBLANK(HA$3)),"",IF(AND(HA8=HA$3,HB$3=HB8),3,IF(AND(HA$3>HB$3,HA8>HB8),1,IF(AND(HA$3<HB$3,HA8<HB8),1,IF(AND(HA$3=HB$3,HA8=HB8),1,0))))) | HF8: =IF(OR(ISBLANK(HD8),ISBLANK(HE8),ISBLANK(HD$3)),"",IF(AND(HD8=HD$3,HE$3=HE8),3,IF(AND(HD$3>HE$3,HD8>HE8),1,IF(AND(HD$3<HE$3,HD8<HE8),1,IF(AND(HD$3=HE$3,HD8=HE8),1,0))))) | HI8: =IF(OR(ISBLANK(HG8),ISBLANK(HH8),ISBLANK(HG$3)),"",IF(AND(HG8=HG$3,HH$3=HH8),3,IF(AND(HG$3>HH$3,HG8>HH8),1,IF(AND(HG$3<HH$3,HG8<HH8),1,IF(AND(HG$3=HH$3,HG8=HH8),1,0))))) | HL8: =IF(OR(ISBLANK(HJ8),ISBLANK(HK8),ISBLANK(HJ$3)),"",IF(AND(HJ8=HJ$3,HK$3=HK8),3,IF(AND(HJ$3>HK$3,HJ8>HK8),1,IF(AND(HJ$3<HK$3,HJ8<HK8),1,IF(AND(HJ$3=HK$3,HJ8=HK8),1,0))))) | HO8: =IF(OR(ISBLANK(HM8),ISBLANK(HN8),ISBLANK(HM$3)),"",IF(AND(HM8=HM$3,HN$3=HN8),3,IF(AND(HM$3>HN$3,HM8>HN8),1,IF(AND(HM$3<HN$3,HM8<HN8),1,IF(AND(HM$3=HN$3,HM8=HN8),1,0))))) | HR8: =IF(OR(ISBLANK(HP8),ISBLANK(HQ8),ISBLANK(HP$3)),"",IF(AND(HP8=HP$3,HQ$3=HQ8),3,IF(AND(HP$3>HQ$3,HP8>HQ8),1,IF(AND(HP$3<HQ$3,HP8<HQ8),1,IF(AND(HP$3=HQ$3,HP8=HQ8),1,0))))) | HU8: =IF(OR(ISBLANK(HS8),ISBLANK(HT8),ISBLANK(HS$3)),"",IF(AND(HS8=HS$3,HT$3=HT8),3,IF(AND(HS$3>HT$3,HS8>HT8),1,IF(AND(HS$3<HT$3,HS8<HT8),1,IF(AND(HS$3=HT$3,HS8=HT8),1,0))))) | HX8: =IF(OR(ISBLANK(HV8),ISBLANK(HW8),ISBLANK(HV$3)),"",IF(AND(HV8=HV$3,HW$3=HW8),3,IF(AND(HV$3>HW$3,HV8>HW8),1,IF(AND(HV$3<HW$3,HV8<HW8),1,IF(AND(HV$3=HW$3,HV8=HW8),1,0))))) | IA8: =IF(OR(ISBLANK(HY8),ISBLANK(HZ8),ISBLANK(HY$3)),"",IF(AND(HY8=HY$3,HZ$3=HZ8),3,IF(AND(HY$3>HZ$3,HY8>HZ8),1,IF(AND(HY$3<HZ$3,HY8<HZ8),1,IF(AND(HY$3=HZ$3,HY8=HZ8),1,0))))) | ID8: =IF(OR(ISBLANK(IB8),ISBLANK(IC8),ISBLANK(IB$3)),"",IF(AND(IB8=IB$3,IC$3=IC8),3,IF(AND(IB$3>IC$3,IB8>IC8),1,IF(AND(IB$3<IC$3,IB8<IC8),1,IF(AND(IB$3=IC$3,IB8=IC8),1,0))))) | IG8: =IF(OR(ISBLANK(IE8),ISBLANK(IF8),ISBLANK(IE$3)),"",IF(AND(IE8=IE$3,IF$3=IF8),3,IF(AND(IE$3>IF$3,IE8>IF8),1,IF(AND(IE$3<IF$3,IE8<IF8),1,IF(AND(IE$3=IF$3,IE8=IF8),1,0))))) | IJ8: =IF(OR(ISBLANK(IH8),ISBLANK(II8),ISBLANK(IH$3)),"",IF(AND(IH8=IH$3,II$3=II8),3,IF(AND(IH$3>II$3,IH8>II8),1,IF(AND(IH$3<II$3,IH8<II8),1,IF(AND(IH$3=II$3,IH8=II8),1,0))))) | IM8: =IF(OR(ISBLANK(IK8),ISBLANK(IL8),ISBLANK(IK$3)),"",IF(AND(IK8=IK$3,IL$3=IL8),3,IF(AND(IK$3>IL$3,IK8>IL8),1,IF(AND(IK$3<IL$3,IK8<IL8),1,IF(AND(IK$3=IL$3,IK8=IL8),1,0))))) | IP8: =IF(OR(ISBLANK(IN8),ISBLANK(IO8),ISBLANK(IN$3)),"",IF(AND(IN8=IN$3,IO$3=IO8),3,IF(AND(IN$3>IO$3,IN8>IO8),1,IF(AND(IN$3<IO$3,IN8<IO8),1,IF(AND(IN$3=IO$3,IN8=IO8),1,0))))) | IS8: =IF(OR(ISBLANK(IQ8),ISBLANK(IR8),ISBLANK(IQ$3)),"",IF(AND(IQ8=IQ$3,IR$3=IR8),3,IF(AND(IQ$3>IR$3,IQ8>IR8),1,IF(AND(IQ$3<IR$3,IQ8<IR8),1,IF(AND(IQ$3=IR$3,IQ8=IR8),1,0))))) | IV8: =IF(OR(ISBLANK(IT8),ISBLANK(IU8),ISBLANK(IT$3)),"",IF(AND(IT8=IT$3,IU$3=IU8),3,IF(AND(IT$3>IU$3,IT8>IU8),1,IF(AND(IT$3<IU$3,IT8<IU8),1,IF(AND(IT$3=IU$3,IT8=IU8),1,0))))) | IY8: =IF(OR(ISBLANK(IW8),ISBLANK(IX8),ISBLANK(IW$3)),"",IF(AND(IW8=IW$3,IX$3=IX8),3,IF(AND(IW$3>IX$3,IW8>IX8),1,IF(AND(IW$3<IX$3,IW8<IX8),1,IF(AND(IW$3=IX$3,IW8=IX8),1,0))))) | JB8: =IF(OR(ISBLANK(IZ8),ISBLANK(JA8),ISBLANK(IZ$3)),"",IF(AND(IZ8=IZ$3,JA$3=JA8),3,IF(AND(IZ$3>JA$3,IZ8>JA8),1,IF(AND(IZ$3<JA$3,IZ8<JA8),1,IF(AND(IZ$3=JA$3,IZ8=JA8),1,0))))) | JE8: =IF(OR(ISBLANK(JC8),ISBLANK(JD8),ISBLANK(JC$3)),"",IF(AND(JC8=JC$3,JD$3=JD8),3,IF(AND(JC$3>JD$3,JC8>JD8),1,IF(AND(JC$3<JD$3,JC8<JD8),1,IF(AND(JC$3=JD$3,JC8=JD8),1,0))))) | JH8: =IF(OR(ISBLANK(JF8),ISBLANK(JG8),ISBLANK(JF$3)),"",IF(AND(JF8=JF$3,JG$3=JG8),3,IF(AND(JF$3>JG$3,JF8>JG8),1,IF(AND(JF$3<JG$3,JF8<JG8),1,IF(AND(JF$3=JG$3,JF8=JG8),1,0))))) | JK8: =IF(OR(ISBLANK(JI8),ISBLANK(JJ8),ISBLANK(JI$3)),"",IF(AND(JI8=JI$3,JJ$3=JJ8),3,IF(AND(JI$3>JJ$3,JI8>JJ8),1,IF(AND(JI$3<JJ$3,JI8<JJ8),1,IF(AND(JI$3=JJ$3,JI8=JJ8),1,0))))) | JN8: =IF(OR(ISBLANK(JL8),ISBLANK(JM8),ISBLANK(JL$3)),"",IF(AND(JL8=JL$3,JM$3=JM8),3,IF(AND(JL$3>JM$3,JL8>JM8),1,IF(AND(JL$3<JM$3,JL8<JM8),1,IF(AND(JL$3=JM$3,JL8=JM8),1,0))))) | JQ8: =IF(OR(ISBLANK(JO8),ISBLANK(JP8),ISBLANK(JO$3)),"",IF(AND(JO8=JO$3,JP$3=JP8),3,IF(AND(JO$3>JP$3,JO8>JP8),1,IF(AND(JO$3<JP$3,JO8<JP8),1,IF(AND(JO$3=JP$3,JO8=JP8),1,0))))) | JT8: =IF(OR(ISBLANK(JR8),ISBLANK(JS8),ISBLANK(JR$3)),"",IF(AND(JR8=JR$3,JS$3=JS8),3,IF(AND(JR$3>JS$3,JR8>JS8),1,IF(AND(JR$3<JS$3,JR8<JS8),1,IF(AND(JR$3=JS$3,JR8=JS8),1,0))))) | JW8: =IF(OR(ISBLANK(JU8),ISBLANK(JV8),ISBLANK(JU$3)),"",IF(AND(JU8=JU$3,JV$3=JV8),3,IF(AND(JU$3>JV$3,JU8>JV8),1,IF(AND(JU$3<JV$3,JU8<JV8),1,IF(AND(JU$3=JV$3,JU8=JV8),1,0))))) | JZ8: =IF(OR(ISBLANK(JX8),ISBLANK(JY8),ISBLANK(JX$3)),"",IF(AND(JX8=JX$3,JY$3=JY8),3,IF(AND(JX$3>JY$3,JX8>JY8),1,IF(AND(JX$3<JY$3,JX8<JY8),1,IF(AND(JX$3=JY$3,JX8=JY8),1,0))))) | KC8: =IF(OR(ISBLANK(KA8),ISBLANK(KB8),ISBLANK(KA$3)),"",IF(AND(KA8=KA$3,KB$3=KB8),3,IF(AND(KA$3>KB$3,KA8>KB8),1,IF(AND(KA$3<KB$3,KA8<KB8),1,IF(AND(KA$3=KB$3,KA8=KB8),1,0))))) | KF8: =IF(OR(ISBLANK(KD8),ISBLANK(KE8),ISBLANK(KD$3)),"",IF(AND(KD8=KD$3,KE$3=KE8),3,IF(AND(KD$3>KE$3,KD8>KE8),1,IF(AND(KD$3<KE$3,KD8<KE8),1,IF(AND(KD$3=KE$3,KD8=KE8),1,0))))) | KI8: =IF(OR(ISBLANK(KG8),ISBLANK(KH8),ISBLANK(KG$3)),"",IF(AND(KG8=KG$3,KH$3=KH8),5,IF(AND(KG$3>KH$3,KG8>KH8),1,IF(AND(KG$3<KH$3,KG8<KH8),1,IF(AND(KG$3=KH$3,KG8=KH8),1,0))))) | KL8: =IF(OR(ISBLANK(KJ8),ISBLANK(KK8),ISBLANK(KJ$3)),"",IF(AND(KJ8=KJ$3,KK$3=KK8),5,IF(AND(KJ$3>KK$3,KJ8>KK8),1,IF(AND(KJ$3<KK$3,KJ8<KK8),1,IF(AND(KJ$3=KK$3,KJ8=KK8),1,0))))) | KO8: =IF(OR(ISBLANK(KM8),ISBLANK(KN8),ISBLANK(KM$3)),"",IF(AND(KM8=KM$3,KN$3=KN8),5,IF(AND(KM$3>KN$3,KM8>KN8),1,IF(AND(KM$3<KN$3,KM8<KN8),1,IF(AND(KM$3=KN$3,KM8=KN8),1,0))))) | KR8: =IF(OR(ISBLANK(KP8),ISBLANK(KQ8),ISBLANK(KP$3)),"",IF(AND(KP8=KP$3,KQ$3=KQ8),5,IF(AND(KP$3>KQ$3,KP8>KQ8),1,IF(AND(KP$3<KQ$3,KP8<KQ8),1,IF(AND(KP$3=KQ$3,KP8=KQ8),1,0))))) | KU8: =IF(OR(ISBLANK(KS8),ISBLANK(KT8),ISBLANK(KS$3)),"",IF(AND(KS8=KS$3,KT$3=KT8),5,IF(AND(KS$3>KT$3,KS8>KT8),1,IF(AND(KS$3<KT$3,KS8<KT8),1,IF(AND(KS$3=KT$3,KS8=KT8),1,0))))) | KX8: =IF(OR(ISBLANK(KV8),ISBLANK(KW8),ISBLANK(KV$3)),"",IF(AND(KV8=KV$3,KW$3=KW8),5,IF(AND(KV$3>KW$3,KV8>KW8),1,IF(AND(KV$3<KW$3,KV8<KW8),1,IF(AND(KV$3=KW$3,KV8=KW8),1,0))))) | LA8: =IF(OR(ISBLANK(KY8),ISBLANK(KZ8),ISBLANK(KY$3)),"",IF(AND(KY8=KY$3,KZ$3=KZ8),5,IF(AND(KY$3>KZ$3,KY8>KZ8),1,IF(AND(KY$3<KZ$3,KY8<KZ8),1,IF(AND(KY$3=KZ$3,KY8=KZ8),1,0))))) | LD8: =IF(OR(ISBLANK(LB8),ISBLANK(LC8),ISBLANK(LB$3)),"",IF(AND(LB8=LB$3,LC$3=LC8),5,IF(AND(LB$3>LC$3,LB8>LC8),1,IF(AND(LB$3<LC$3,LB8<LC8),1,IF(AND(LB$3=LC$3,LB8=LC8),1,0))))) | LF8: =IF(ISBLANK(LE8),"",IF(LE6=LE8,5,0)) | LH8: =IF(ISBLANK(LG8),"",IF(LG6=LG8,5,0)) | LJ8: =IF(ISBLANK(LI8),"",IF(LI6=LI8,5,0)) | LL8: =IF(ISBLANK(LK8),"",IF(LK6=LK8,5,0)) | LN8: =IF(ISBLANK(LM8),"",IF(LM6=LM8,5,0))
A9: 6 | B9: Cristian Cardona | C9: =SUM(G9,J9,M9,P9,S9,V9,Y9,AB9,AE9,AH9,AK9,AN9,AQ9,AT9,AW9,AZ9,BC9,BF9,BI9,BL9,BO9,BR9,BU9,BX9,CA9,CD9,CG9,CJ9,CM9,CP9,CS9,CV9,CY9,DB9,DE9,DH9,DK9,DN9,DQ9,DT9,DW9,DZ9,EC9,EF9,EI9,EL9,EO9,ER9,EU9,EX9,FA9,FD9,FG9,FJ9,FM9,FP9,FS9,FV9,FY9,GB9,GE9,GH9,GK9,GN9,GQ9,GT9,GW9,GZ9,HC9,HF9,HI9,HL9,HO9,HR9,HU9,HX9,IA9,ID9,IG9,IJ9,IM9,IP9,IS9,IV9,IY9,JB9,JE9,JH9,JK9,JN9,JQ9,JT9,JW9,JZ9,KC9,KF9,KI9,KL9,KO9,KR9,KU9,KX9,LA9,LD9,LF9,LH9,LJ9,LL9) -> 16 | D9: =VLOOKUP(B9,polla,2,FALSE) -> 3 | E9: 2 | F9: 0 | G9: =IF(OR(ISBLANK(E9),ISBLANK(F9),ISBLANK(E$3)),"",IF(AND(E9=E$3,F$3=F9),3,IF(AND(E$3>F$3,E9>F9),1,IF(AND(E$3<F$3,E9<F9),1,IF(AND(E$3=F$3,E9=F9),1,0))))) -> 3 | H9: 1 | I9: 1 | J9: =IF(OR(ISBLANK(H9),ISBLANK(I9),ISBLANK(H$3)),"",IF(AND(H9=H$3,I$3=I9),3,IF(AND(H$3>I$3,H9>I9),1,IF(AND(H$3<I$3,H9<I9),1,IF(AND(H$3=I$3,H9=I9),1,0))))) -> 0 | K9: 1 | L9: 1 | M9: =IF(OR(ISBLANK(K9),ISBLANK(L9),ISBLANK(K$3)),"",IF(AND(K9=K$3,L$3=L9),3,IF(AND(K$3>L$3,K9>L9),1,IF(AND(K$3<L$3,K9<L9),1,IF(AND(K$3=L$3,K9=L9),1,0))))) -> 3 | N9: 2 | O9: 2 | P9: =IF(OR(ISBLANK(N9),ISBLANK(O9),ISBLANK(N$3)),"",IF(AND(N9=N$3,O$3=O9),3,IF(AND(N$3>O$3,N9>O9),1,IF(AND(N$3<O$3,N9<O9),1,IF(AND(N$3=O$3,N9=O9),1,0))))) -> 0 | Q9: 0 | R9: 2 | S9: =IF(OR(ISBLANK(Q9),ISBLANK(R9),ISBLANK(Q$3)),"",IF(AND(Q9=Q$3,R$3=R9),3,IF(AND(Q$3>R$3,Q9>R9),1,IF(AND(Q$3<R$3,Q9<R9),1,IF(AND(Q$3=R$3,Q9=R9),1,0))))) -> 0 | T9: 2 | U9: 1 | V9: =IF(OR(ISBLANK(T9),ISBLANK(U9),ISBLANK(T$3)),"",IF(AND(T9=T$3,U$3=U9),3,IF(AND(T$3>U$3,T9>U9),1,IF(AND(T$3<U$3,T9<U9),1,IF(AND(T$3=U$3,T9=U9),1,0))))) -> 0 | W9: 0 | X9: 2 | Y9: =IF(OR(ISBLANK(W9),ISBLANK(X9),ISBLANK(W$3)),"",IF(AND(W9=W$3,X$3=X9),3,IF(AND(W$3>X$3,W9>X9),1,IF(AND(W$3<X$3,W9<X9),1,IF(AND(W$3=X$3,W9=X9),1,0))))) -> 1 | Z9: 1 | AA9: 2 | AB9: =IF(OR(ISBLANK(Z9),ISBLANK(AA9),ISBLANK(Z$3)),"",IF(AND(Z9=Z$3,AA$3=AA9),3,IF(AND(Z$3>AA$3,Z9>AA9),1,IF(AND(Z$3<AA$3,Z9<AA9),1,IF(AND(Z$3=AA$3,Z9=AA9),1,0))))) -> 0 | AC9: 4 | AD9: 0 | AE9: =IF(OR(ISBLANK(AC9),ISBLANK(AD9),ISBLANK(AC$3)),"",IF(AND(AC9=AC$3,AD$3=AD9),3,IF(AND(AC$3>AD$3,AC9>AD9),1,IF(AND(AC$3<AD$3,AC9<AD9),1,IF(AND(AC$3=AD$3,AC9=AD9),1,0))))) -> 1 | AF9: 2 | AG9: 1 | AH9: =IF(OR(ISBLANK(AF9),ISBLANK(AG9),ISBLANK(AF$3)),"",IF(AND(AF9=AF$3,AG$3=AG9),3,IF(AND(AF$3>AG$3,AF9>AG9),1,IF(AND(AF$3<AG$3,AF9<AG9),1,IF(AND(AF$3=AG$3,AF9=AG9),1,0))))) -> 0 | AI9: 0 | AJ9: 0 | AK9: =IF(OR(ISBLANK(AI9),ISBLANK(AJ9),ISBLANK(AI$3)),"",IF(AND(AI9=AI$3,AJ$3=AJ9),3,IF(AND(AI$3>AJ$3,AI9>AJ9),1,IF(AND(AI$3<AJ$3,AI9<AJ9),1,IF(AND(AI$3=AJ$3,AI9=AJ9),1,0))))) -> 0 | AL9: 1 | AM9: 0 | AN9: =IF(OR(ISBLANK(AL9),ISBLANK(AM9),ISBLANK(AL$3)),"",IF(AND(AL9=AL$3,AM$3=AM9),3,IF(AND(AL$3>AM$3,AL9>AM9),1,IF(AND(AL$3<AM$3,AL9<AM9),1,IF(AND(AL$3=AM$3,AL9=AM9),1,0))))) -> 1 | AO9: 3 | AP9: 1 | AQ9: =IF(OR(ISBLANK(AO9),ISBLANK(AP9),ISBLANK(AO$3)),"",IF(AND(AO9=AO$3,AP$3=AP9),3,IF(AND(AO$3>AP$3,AO9>AP9),1,IF(AND(AO$3<AP$3,AO9<AP9),1,IF(AND(AO$3=AP$3,AO9=AP9),1,0))))) -> 0 | AR9: 2 | AS9: 1 | AT9: =IF(OR(ISBLANK(AR9),ISBLANK(AS9),ISBLANK(AR$3)),"",IF(AND(AR9=AR$3,AS$3=AS9),3,IF(AND(AR$3>AS$3,AR9>AS9),1,IF(AND(AR$3<AS$3,AR9<AS9),1,IF(AND(AR$3=AS$3,AR9=AS9),1,0))))) -> 0 | AU9: 0 | AV9: 2 | AW9: =IF(OR(ISBLANK(AU9),ISBLANK(AV9),ISBLANK(AU$3)),"",IF(AND(AU9=AU$3,AV$3=AV9),3,IF(AND(AU$3>AV$3,AU9>AV9),1,IF(AND(AU$3<AV$3,AU9<AV9),1,IF(AND(AU$3=AV$3,AU9=AV9),1,0))))) -> 0 | AX9: 1 | AY9: 0 | AZ9: =IF(OR(ISBLANK(AX9),ISBLANK(AY9),ISBLANK(AX$3)),"",IF(AND(AX9=AX$3,AY$3=AY9),3,IF(AND(AX$3>AY$3,AX9>AY9),1,IF(AND(AX$3<AY$3,AX9<AY9),1,IF(AND(AX$3=AY$3,AX9=AY9),1,0))))) -> 0 | BA9: 2 | BB9: 1 | BC9: =IF(OR(ISBLANK(BA9),ISBLANK(BB9),ISBLANK(BA$3)),"",IF(AND(BA9=BA$3,BB$3=BB9),3,IF(AND(BA$3>BB$3,BA9>BB9),1,IF(AND(BA$3<BB$3,BA9<BB9),1,IF(AND(BA$3=BB$3,BA9=BB9),1,0))))) -> 1 | BD9: 1 | BE9: 3 | BF9: =IF(OR(ISBLANK(BD9),ISBLANK(BE9),ISBLANK(BD$3)),"",IF(AND(BD9=BD$3,BE$3=BE9),3,IF(AND(BD$3>BE$3,BD9>BE9),1,IF(AND(BD$3<BE$3,BD9<BE9),1,IF(AND(BD$3=BE$3,BD9=BE9),1,0))))) -> 1 | BG9: 3 | BH9: 0 | BI9: =IF(OR(ISBLANK(BG9),ISBLANK(BH9),ISBLANK(BG$3)),"",IF(AND(BG9=BG$3,BH$3=BH9),3,IF(AND(BG$3>BH$3,BG9>BH9),1,IF(AND(BG$3<BH$3,BG9<BH9),1,IF(AND(BG$3=BH$3,BG9=BH9),1,0))))) -> 3 | BJ9: 2 | BK9: 0 | BL9: =IF(OR(ISBLANK(BJ9),ISBLANK(BK9),ISBLANK(BJ$3)),"",IF(AND(BJ9=BJ$3,BK$3=BK9),3,IF(AND(BJ$3>BK$3,BJ9>BK9),1,IF(AND(BJ$3<BK$3,BJ9<BK9),1,IF(AND(BJ$3=BK$3,BJ9=BK9),1,0))))) -> 1 | BM9: 2 | BN9: 0 | BO9: =IF(OR(ISBLANK(BM9),ISBLANK(BN9),ISBLANK(BM$3)),"",IF(AND(BM9=BM$3,BN$3=BN9),3,IF(AND(BM$3>BN$3,BM9>BN9),1,IF(AND(BM$3<BN$3,BM9<BN9),1,IF(AND(BM$3=BN$3,BM9=BN9),1,0))))) -> 0 | BP9: 2 | BQ9: 2 | BR9: =IF(OR(ISBLANK(BP9),ISBLANK(BQ9),ISBLANK(BP$3)),"",IF(AND(BP9=BP$3,BQ$3=BQ9),3,IF(AND(BP$3>BQ$3,BP9>BQ9),1,IF(AND(BP$3<BQ$3,BP9<BQ9),1,IF(AND(BP$3=BQ$3,BP9=BQ9),1,0))))) -> 0 | BS9: 1 | BT9: 1 | BU9: =IF(OR(ISBLANK(BS9),ISBLANK(BT9),ISBLANK(BS$3)),"",IF(AND(BS9=BS$3,BT$3=BT9),3,IF(AND(BS$3>BT$3,BS9>BT9),1,IF(AND(BS$3<BT$3,BS9<BT9),1,IF(AND(BS$3=BT$3,BS9=BT9),1,0))))) -> 0 | BV9: 0 | BW9: 2 | BX9: =IF(OR(ISBLANK(BV9),ISBLANK(BW9),ISBLANK(BV$3)),"",IF(AND(BV9=BV$3,BW$3=BW9),3,IF(AND(BV$3>BW$3,BV9>BW9),1,IF(AND(BV$3<BW$3,BV9<BW9),1,IF(AND(BV$3=BW$3,BV9=BW9),1,0))))) -> 1 | BY9: 2 | BZ9: 1 | CA9: =IF(OR(ISBLANK(BY9),ISBLANK(BZ9),ISBLANK(BY$3)),"",IF(AND(BY9=BY$3,BZ$3=BZ9),3,IF(AND(BY$3>BZ$3,BY9>BZ9),1,IF(AND(BY$3<BZ$3,BY9<BZ9),1,IF(AND(BY$3=BZ$3,BY9=BZ9),1,0))))) | CB9: 2 | CC9: 2 | CD9: =IF(OR(ISBLANK(CB9),ISBLANK(CC9),ISBLANK(CB$3)),"",IF(AND(CB9=CB$3,CC$3=CC9),3,IF(AND(CB$3>CC$3,CB9>CC9),1,IF(AND(CB$3<CC$3,CB9<CC9),1,IF(AND(CB$3=CC$3,CB9=CC9),1,0))))) | CE9: 2 | CF9: 0 | CG9: =IF(OR(ISBLANK(CE9),ISBLANK(CF9),ISBLANK(CE$3)),"",IF(AND(CE9=CE$3,CF$3=CF9),3,IF(AND(CE$3>CF$3,CE9>CF9),1,IF(AND(CE$3<CF$3,CE9<CF9),1,IF(AND(CE$3=CF$3,CE9=CF9),1,0))))) | CH9: 1 | CI9: 2 | CJ9: =IF(OR(ISBLANK(CH9),ISBLANK(CI9),ISBLANK(CH$3)),"",IF(AND(CH9=CH$3,CI$3=CI9),3,IF(AND(CH$3>CI$3,CH9>CI9),1,IF(AND(CH$3<CI$3,CH9<CI9),1,IF(AND(CH$3=CI$3,CH9=CI9),1,0))))) | CK9: 2 | CL9: 1 | CM9: =IF(OR(ISBLANK(CK9),ISBLANK(CL9),ISBLANK(CK$3)),"",IF(AND(CK9=CK$3,CL$3=CL9),3,IF(AND(CK$3>CL$3,CK9>CL9),1,IF(AND(CK$3<CL$3,CK9<CL9),1,IF(AND(CK$3=CL$3,CK9=CL9),1,0))))) | CN9: 1 | CO9: 2 | CP9: =IF(OR(ISBLANK(CN9),ISBLANK(CO9),ISBLANK(CN$3)),"",IF(AND(CN9=CN$3,CO$3=CO9),3,IF(AND(CN$3>CO$3,CN9>CO9),1,IF(AND(CN$3<CO$3,CN9<CO9),1,IF(AND(CN$3=CO$3,CN9=CO9),1,0))))) | CQ9: 3 | CR9: 0 | CS9: =IF(OR(ISBLANK(CQ9),ISBLANK(CR9),ISBLANK(CQ$3)),"",IF(AND(CQ9=CQ$3,CR$3=CR9),3,IF(AND(CQ$3>CR$3,CQ9>CR9),1,IF(AND(CQ$3<CR$3,CQ9<CR9),1,IF(AND(CQ$3=CR$3,CQ9=CR9),1,0))))) | CT9: 1 | CU9: 2 | CV9: =IF(OR(ISBLANK(CT9),ISBLANK(CU9),ISBLANK(CT$3)),"",IF(AND(CT9=CT$3,CU$3=CU9),3,IF(AND(CT$3>CU$3,CT9>CU9),1,IF(AND(CT$3<CU$3,CT9<CU9),1,IF(AND(CT$3=CU$3,CT9=CU9),1,0))))) | CW9: 2 | CX9: 1 | CY9: =IF(OR(ISBLANK(CW9),ISBLANK(CX9),ISBLANK(CW$3)),"",IF(AND(CW9=CW$3,CX$3=CX9),3,IF(AND(CW$3>CX$3,CW9>CX9),1,IF(AND(CW$3<CX$3,CW9<CX9),1,IF(AND(CW$3=CX$3,CW9=CX9),1,0))))) | CZ9: 2 | DA9: 1 | DB9: =IF(OR(ISBLANK(CZ9),ISBLANK(DA9),ISBLANK(CZ$3)),"",IF(AND(CZ9=CZ$3,DA$3=DA9),3,IF(AND(CZ$3>DA$3,CZ9>DA9),1,IF(AND(CZ$3<DA$3,CZ9<DA9),1,IF(AND(CZ$3=DA$3,CZ9=DA9),1,0))))) | DC9: 3 | DD9: 0 | DE9: =IF(OR(ISBLANK(DC9),ISBLANK(DD9),ISBLANK(DC$3)),"",IF(AND(DC9=DC$3,DD$3=DD9),3,IF(AND(DC$3>DD$3,DC9>DD9),1,IF(AND(DC$3<DD$3,DC9<DD9),1,IF(AND(DC$3=DD$3,DC9=DD9),1,0))))) | DF9: 0 | DG9: 2 | DH9: =IF(OR(ISBLANK(DF9),ISBLANK(DG9),ISBLANK(DF$3)),"",IF(AND(DF9=DF$3,DG$3=DG9),3,IF(AND(DF$3>DG$3,DF9>DG9),1,IF(AND(DF$3<DG$3,DF9<DG9),1,IF(AND(DF$3=DG$3,DF9=DG9),1,0))))) | DI9: 3 | DJ9: 1 | DK9: =IF(OR(ISBLANK(DI9),ISBLANK(DJ9),ISBLANK(DI$3)),"",IF(AND(DI9=DI$3,DJ$3=DJ9),3,IF(AND(DI$3>DJ$3,DI9>DJ9),1,IF(AND(DI$3<DJ$3,DI9<DJ9),1,IF(AND(DI$3=DJ$3,DI9=DJ9),1,0))))) | DL9: 2 | DM9: 1 | DN9: =IF(OR(ISBLANK(DL9),ISBLANK(DM9),ISBLANK(DL$3)),"",IF(AND(DL9=DL$3,DM$3=DM9),3,IF(AND(DL$3>DM$3,DL9>DM9),1,IF(AND(DL$3<DM$3,DL9<DM9),1,IF(AND(DL$3=DM$3,DL9=DM9),1,0))))) | DO9: 1 | DP9: 0 | DQ9: =IF(OR(ISBLANK(DO9),ISBLANK(DP9),ISBLANK(DO$3)),"",IF(AND(DO9=DO$3,DP$3=DP9),3,IF(AND(DO$3>DP$3,DO9>DP9),1,IF(AND(DO$3<DP$3,DO9<DP9),1,IF(AND(DO$3=DP$3,DO9=DP9),1,0))))) | DR9: 1 | DS9: 1 | DT9: =IF(OR(ISBLANK(DR9),ISBLANK(DS9),ISBLANK(DR$3)),"",IF(AND(DR9=DR$3,DS$3=DS9),3,IF(AND(DR$3>DS$3,DR9>DS9),1,IF(AND(DR$3<DS$3,DR9<DS9),1,IF(AND(DR$3=DS$3,DR9=DS9),1,0))))) | DU9: 2 | DV9: 0 | DW9: =IF(OR(ISBLANK(DU9),ISBLANK(DV9),ISBLANK(DU$3)),"",IF(AND(DU9=DU$3,DV$3=DV9),3,IF(AND(DU$3>DV$3,DU9>DV9),1,IF(AND(DU$3<DV$3,DU9<DV9),1,IF(AND(DU$3=DV$3,DU9=DV9),1,0))))) | DX9: 3 | DY9: 0 | DZ9: =IF(OR(ISBLANK(DX9),ISBLANK(DY9),ISBLANK(DX$3)),"",IF(AND(DX9=DX$3,DY$3=DY9),3,IF(AND(DX$3>DY$3,DX9>DY9),1,IF(AND(DX$3<DY$3,DX9<DY9),1,IF(AND(DX$3=DY$3,DX9=DY9),1,0))))) | EA9: 2 | EB9: 0 | EC9: =IF(OR(ISBLANK(EA9),ISBLANK(EB9),ISBLANK(EA$3)),"",IF(AND(EA9=EA$3,EB$3=EB9),3,IF(AND(EA$3>EB$3,EA9>EB9),1,IF(AND(EA$3<EB$3,EA9<EB9),1,IF(AND(EA$3=EB$3,EA9=EB9),1,0))))) | ED9: 0 | EE9: 1 | EF9: =IF(OR(ISBLANK(ED9),ISBLANK(EE9),ISBLANK(ED$3)),"",IF(AND(ED9=ED$3,EE$3=EE9),3,IF(AND(ED$3>EE$3,ED9>EE9),1,IF(AND(ED$3<EE$3,ED9<EE9),1,IF(AND(ED$3=EE$3,ED9=EE9),1,0))))) | EG9: 3 | EH9: 0 | EI9: =IF(OR(ISBLANK(EG9),ISBLANK(EH9),ISBLANK(EG$3)),"",IF(AND(EG9=EG$3,EH$3=EH9),3,IF(AND(EG$3>EH$3,EG9>EH9),1,IF(AND(EG$3<EH$3,EG9<EH9),1,IF(AND(EG$3=EH$3,EG9=EH9),1,0))))) | EJ9: 2 | EK9: 1 | EL9: =IF(OR(ISBLANK(EJ9),ISBLANK(EK9),ISBLANK(EJ$3)),"",IF(AND(EJ9=EJ$3,EK$3=EK9),3,IF(AND(EJ$3>EK$3,EJ9>EK9),1,IF(AND(EJ$3<EK$3,EJ9<EK9),1,IF(AND(EJ$3=EK$3,EJ9=EK9),1,0))))) | EM9: 0 | EN9: 2 | EO9: =IF(OR(ISBLANK(EM9),ISBLANK(EN9),ISBLANK(EM$3)),"",IF(AND(EM9=EM$3,EN$3=EN9),3,IF(AND(EM$3>EN$3,EM9>EN9),1,IF(AND(EM$3<EN$3,EM9<EN9),1,IF(AND(EM$3=EN$3,EM9=EN9),1,0))))) | EP9: 2 | EQ9: 1 | ER9: =IF(OR(ISBLANK(EP9),ISBLANK(EQ9),ISBLANK(EP$3)),"",IF(AND(EP9=EP$3,EQ$3=EQ9),3,IF(AND(EP$3>EQ$3,EP9>EQ9),1,IF(AND(EP$3<EQ$3,EP9<EQ9),1,IF(AND(EP$3=EQ$3,EP9=EQ9),1,0))))) | EU9: =IF(OR(ISBLANK(ES9),ISBLANK(ET9),ISBLANK(ES$3)),"",IF(AND(ES9=ES$3,ET$3=ET9),3,IF(AND(ES$3>ET$3,ES9>ET9),1,IF(AND(ES$3<ET$3,ES9<ET9),1,IF(AND(ES$3=ET$3,ES9=ET9),1,0))))) | EX9: =IF(OR(ISBLANK(EV9),ISBLANK(EW9),ISBLANK(EV$3)),"",IF(AND(EV9=EV$3,EW$3=EW9),3,IF(AND(EV$3>EW$3,EV9>EW9),1,IF(AND(EV$3<EW$3,EV9<EW9),1,IF(AND(EV$3=EW$3,EV9=EW9),1,0))))) | FA9: =IF(OR(ISBLANK(EY9),ISBLANK(EZ9),ISBLANK(EY$3)),"",IF(AND(EY9=EY$3,EZ$3=EZ9),3,IF(AND(EY$3>EZ$3,EY9>EZ9),1,IF(AND(EY$3<EZ$3,EY9<EZ9),1,IF(AND(EY$3=EZ$3,EY9=EZ9),1,0))))) | FD9: =IF(OR(ISBLANK(FB9),ISBLANK(FC9),ISBLANK(FB$3)),"",IF(AND(FB9=FB$3,FC$3=FC9),3,IF(AND(FB$3>FC$3,FB9>FC9),1,IF(AND(FB$3<FC$3,FB9<FC9),1,IF(AND(FB$3=FC$3,FB9=FC9),1,0))))) | FG9: =IF(OR(ISBLANK(FE9),ISBLANK(FF9),ISBLANK(FE$3)),"",IF(AND(FE9=FE$3,FF$3=FF9),3,IF(AND(FE$3>FF$3,FE9>FF9),1,IF(AND(FE$3<FF$3,FE9<FF9),1,IF(AND(FE$3=FF$3,FE9=FF9),1,0))))) | FJ9: =IF(OR(ISBLANK(FH9),ISBLANK(FI9),ISBLANK(FH$3)),"",IF(AND(FH9=FH$3,FI$3=FI9),3,IF(AND(FH$3>FI$3,FH9>FI9),1,IF(AND(FH$3<FI$3,FH9<FI9),1,IF(AND(FH$3=FI$3,FH9=FI9),1,0))))) | FM9: =IF(OR(ISBLANK(FK9),ISBLANK(FL9),ISBLANK(FK$3)),"",IF(AND(FK9=FK$3,FL$3=FL9),3,IF(AND(FK$3>FL$3,FK9>FL9),1,IF(AND(FK$3<FL$3,FK9<FL9),1,IF(AND(FK$3=FL$3,FK9=FL9),1,0))))) | FP9: =IF(OR(ISBLANK(FN9),ISBLANK(FO9),ISBLANK(FN$3)),"",IF(AND(FN9=FN$3,FO$3=FO9),3,IF(AND(FN$3>FO$3,FN9>FO9),1,IF(AND(FN$3<FO$3,FN9<FO9),1,IF(AND(FN$3=FO$3,FN9=FO9),1,0))))) | FS9: =IF(OR(ISBLANK(FQ9),ISBLANK(FR9),ISBLANK(FQ$3)),"",IF(AND(FQ9=FQ$3,FR$3=FR9),3,IF(AND(FQ$3>FR$3,FQ9>FR9),1,IF(AND(FQ$3<FR$3,FQ9<FR9),1,IF(AND(FQ$3=FR$3,FQ9=FR9),1,0))))) | FV9: =IF(OR(ISBLANK(FT9),ISBLANK(FU9),ISBLANK(FT$3)),"",IF(AND(FT9=FT$3,FU$3=FU9),3,IF(AND(FT$3>FU$3,FT9>FU9),1,IF(AND(FT$3<FU$3,FT9<FU9),1,IF(AND(FT$3=FU$3,FT9=FU9),1,0))))) | FY9: =IF(OR(ISBLANK(FW9),ISBLANK(FX9),ISBLANK(FW$3)),"",IF(AND(FW9=FW$3,FX$3=FX9),3,IF(AND(FW$3>FX$3,FW9>FX9),1,IF(AND(FW$3<FX$3,FW9<FX9),1,IF(AND(FW$3=FX$3,FW9=FX9),1,0))))) | GB9: =IF(OR(ISBLANK(FZ9),ISBLANK(GA9),ISBLANK(FZ$3)),"",IF(AND(FZ9=FZ$3,GA$3=GA9),3,IF(AND(FZ$3>GA$3,FZ9>GA9),1,IF(AND(FZ$3<GA$3,FZ9<GA9),1,IF(AND(FZ$3=GA$3,FZ9=GA9),1,0))))) | GE9: =IF(OR(ISBLANK(GC9),ISBLANK(GD9),ISBLANK(GC$3)),"",IF(AND(GC9=GC$3,GD$3=GD9),3,IF(AND(GC$3>GD$3,GC9>GD9),1,IF(AND(GC$3<GD$3,GC9<GD9),1,IF(AND(GC$3=GD$3,GC9=GD9),1,0))))) | GH9: =IF(OR(ISBLANK(GF9),ISBLANK(GG9),ISBLANK(GF$3)),"",IF(AND(GF9=GF$3,GG$3=GG9),3,IF(AND(GF$3>GG$3,GF9>GG9),1,IF(AND(GF$3<GG$3,GF9<GG9),1,IF(AND(GF$3=GG$3,GF9=GG9),1,0))))) | GK9: =IF(OR(ISBLANK(GI9),ISBLANK(GJ9),ISBLANK(GI$3)),"",IF(AND(GI9=GI$3,GJ$3=GJ9),3,IF(AND(GI$3>GJ$3,GI9>GJ9),1,IF(AND(GI$3<GJ$3,GI9<GJ9),1,IF(AND(GI$3=GJ$3,GI9=GJ9),1,0))))) | GN9: =IF(OR(ISBLANK(GL9),ISBLANK(GM9),ISBLANK(GL$3)),"",IF(AND(GL9=GL$3,GM$3=GM9),3,IF(AND(GL$3>GM$3,GL9>GM9),1,IF(AND(GL$3<GM$3,GL9<GM9),1,IF(AND(GL$3=GM$3,GL9=GM9),1,0))))) | GQ9: =IF(OR(ISBLANK(GO9),ISBLANK(GP9),ISBLANK(GO$3)),"",IF(AND(GO9=GO$3,GP$3=GP9),3,IF(AND(GO$3>GP$3,GO9>GP9),1,IF(AND(GO$3<GP$3,GO9<GP9),1,IF(AND(GO$3=GP$3,GO9=GP9),1,0))))) | GT9: =IF(OR(ISBLANK(GR9),ISBLANK(GS9),ISBLANK(GR$3)),"",IF(AND(GR9=GR$3,GS$3=GS9),3,IF(AND(GR$3>GS$3,GR9>GS9),1,IF(AND(GR$3<GS$3,GR9<GS9),1,IF(AND(GR$3=GS$3,GR9=GS9),1,0))))) | GW9: =IF(OR(ISBLANK(GU9),ISBLANK(GV9),ISBLANK(GU$3)),"",IF(AND(GU9=GU$3,GV$3=GV9),3,IF(AND(GU$3>GV$3,GU9>GV9),1,IF(AND(GU$3<GV$3,GU9<GV9),1,IF(AND(GU$3=GV$3,GU9=GV9),1,0))))) | GZ9: =IF(OR(ISBLANK(GX9),ISBLANK(GY9),ISBLANK(GX$3)),"",IF(AND(GX9=GX$3,GY$3=GY9),3,IF(AND(GX$3>GY$3,GX9>GY9),1,IF(AND(GX$3<GY$3,GX9<GY9),1,IF(AND(GX$3=GY$3,GX9=GY9),1,0))))) | HC9: =IF(OR(ISBLANK(HA9),ISBLANK(HB9),ISBLANK(HA$3)),"",IF(AND(HA9=HA$3,HB$3=HB9),3,IF(AND(HA$3>HB$3,HA9>HB9),1,IF(AND(HA$3<HB$3,HA9<HB9),1,IF(AND(HA$3=HB$3,HA9=HB9),1,0))))) | HF9: =IF(OR(ISBLANK(HD9),ISBLANK(HE9),ISBLANK(HD$3)),"",IF(AND(HD9=HD$3,HE$3=HE9),3,IF(AND(HD$3>HE$3,HD9>HE9),1,IF(AND(HD$3<HE$3,HD9<HE9),1,IF(AND(HD$3=HE$3,HD9=HE9),1,0))))) | HI9: =IF(OR(ISBLANK(HG9),ISBLANK(HH9),ISBLANK(HG$3)),"",IF(AND(HG9=HG$3,HH$3=HH9),3,IF(AND(HG$3>HH$3,HG9>HH9),1,IF(AND(HG$3<HH$3,HG9<HH9),1,IF(AND(HG$3=HH$3,HG9=HH9),1,0))))) | HL9: =IF(OR(ISBLANK(HJ9),ISBLANK(HK9),ISBLANK(HJ$3)),"",IF(AND(HJ9=HJ$3,HK$3=HK9),3,IF(AND(HJ$3>HK$3,HJ9>HK9),1,IF(AND(HJ$3<HK$3,HJ9<HK9),1,IF(AND(HJ$3=HK$3,HJ9=HK9),1,0))))) | HO9: =IF(OR(ISBLANK(HM9),ISBLANK(HN9),ISBLANK(HM$3)),"",IF(AND(HM9=HM$3,HN$3=HN9),3,IF(AND(HM$3>HN$3,HM9>HN9),1,IF(AND(HM$3<HN$3,HM9<HN9),1,IF(AND(HM$3=HN$3,HM9=HN9),1,0))))) | HR9: =IF(OR(ISBLANK(HP9),ISBLANK(HQ9),ISBLANK(HP$3)),"",IF(AND(HP9=HP$3,HQ$3=HQ9),3,IF(AND(HP$3>HQ$3,HP9>HQ9),1,IF(AND(HP$3<HQ$3,HP9<HQ9),1,IF(AND(HP$3=HQ$3,HP9=HQ9),1,0))))) | HU9: =IF(OR(ISBLANK(HS9),ISBLANK(HT9),ISBLANK(HS$3)),"",IF(AND(HS9=HS$3,HT$3=HT9),3,IF(AND(HS$3>HT$3,HS9>HT9),1,IF(AND(HS$3<HT$3,HS9<HT9),1,IF(AND(HS$3=HT$3,HS9=HT9),1,0))))) | HX9: =IF(OR(ISBLANK(HV9),ISBLANK(HW9),ISBLANK(HV$3)),"",IF(AND(HV9=HV$3,HW$3=HW9),3,IF(AND(HV$3>HW$3,HV9>HW9),1,IF(AND(HV$3<HW$3,HV9<HW9),1,IF(AND(HV$3=HW$3,HV9=HW9),1,0))))) | IA9: =IF(OR(ISBLANK(HY9),ISBLANK(HZ9),ISBLANK(HY$3)),"",IF(AND(HY9=HY$3,HZ$3=HZ9),3,IF(AND(HY$3>HZ$3,HY9>HZ9),1,IF(AND(HY$3<HZ$3,HY9<HZ9),1,IF(AND(HY$3=HZ$3,HY9=HZ9),1,0))))) | ID9: =IF(OR(ISBLANK(IB9),ISBLANK(IC9),ISBLANK(IB$3)),"",IF(AND(IB9=IB$3,IC$3=IC9),3,IF(AND(IB$3>IC$3,IB9>IC9),1,IF(AND(IB$3<IC$3,IB9<IC9),1,IF(AND(IB$3=IC$3,IB9=IC9),1,0))))) | IG9: =IF(OR(ISBLANK(IE9),ISBLANK(IF9),ISBLANK(IE$3)),"",IF(AND(IE9=IE$3,IF$3=IF9),3,IF(AND(IE$3>IF$3,IE9>IF9),1,IF(AND(IE$3<IF$3,IE9<IF9),1,IF(AND(IE$3=IF$3,IE9=IF9),1,0))))) | IJ9: =IF(OR(ISBLANK(IH9),ISBLANK(II9),ISBLANK(IH$3)),"",IF(AND(IH9=IH$3,II$3=II9),3,IF(AND(IH$3>II$3,IH9>II9),1,IF(AND(IH$3<II$3,IH9<II9),1,IF(AND(IH$3=II$3,IH9=II9),1,0))))) | IM9: =IF(OR(ISBLANK(IK9),ISBLANK(IL9),ISBLANK(IK$3)),"",IF(AND(IK9=IK$3,IL$3=IL9),3,IF(AND(IK$3>IL$3,IK9>IL9),1,IF(AND(IK$3<IL$3,IK9<IL9),1,IF(AND(IK$3=IL$3,IK9=IL9),1,0))))) | IP9: =IF(OR(ISBLANK(IN9),ISBLANK(IO9),ISBLANK(IN$3)),"",IF(AND(IN9=IN$3,IO$3=IO9),3,IF(AND(IN$3>IO$3,IN9>IO9),1,IF(AND(IN$3<IO$3,IN9<IO9),1,IF(AND(IN$3=IO$3,IN9=IO9),1,0))))) | IS9: =IF(OR(ISBLANK(IQ9),ISBLANK(IR9),ISBLANK(IQ$3)),"",IF(AND(IQ9=IQ$3,IR$3=IR9),3,IF(AND(IQ$3>IR$3,IQ9>IR9),1,IF(AND(IQ$3<IR$3,IQ9<IR9),1,IF(AND(IQ$3=IR$3,IQ9=IR9),1,0))))) | IV9: =IF(OR(ISBLANK(IT9),ISBLANK(IU9),ISBLANK(IT$3)),"",IF(AND(IT9=IT$3,IU$3=IU9),3,IF(AND(IT$3>IU$3,IT9>IU9),1,IF(AND(IT$3<IU$3,IT9<IU9),1,IF(AND(IT$3=IU$3,IT9=IU9),1,0))))) | IY9: =IF(OR(ISBLANK(IW9),ISBLANK(IX9),ISBLANK(IW$3)),"",IF(AND(IW9=IW$3,IX$3=IX9),3,IF(AND(IW$3>IX$3,IW9>IX9),1,IF(AND(IW$3<IX$3,IW9<IX9),1,IF(AND(IW$3=IX$3,IW9=IX9),1,0))))) | JB9: =IF(OR(ISBLANK(IZ9),ISBLANK(JA9),ISBLANK(IZ$3)),"",IF(AND(IZ9=IZ$3,JA$3=JA9),3,IF(AND(IZ$3>JA$3,IZ9>JA9),1,IF(AND(IZ$3<JA$3,IZ9<JA9),1,IF(AND(IZ$3=JA$3,IZ9=JA9),1,0))))) | JE9: =IF(OR(ISBLANK(JC9),ISBLANK(JD9),ISBLANK(JC$3)),"",IF(AND(JC9=JC$3,JD$3=JD9),3,IF(AND(JC$3>JD$3,JC9>JD9),1,IF(AND(JC$3<JD$3,JC9<JD9),1,IF(AND(JC$3=JD$3,JC9=JD9),1,0))))) | JH9: =IF(OR(ISBLANK(JF9),ISBLANK(JG9),ISBLANK(JF$3)),"",IF(AND(JF9=JF$3,JG$3=JG9),3,IF(AND(JF$3>JG$3,JF9>JG9),1,IF(AND(JF$3<JG$3,JF9<JG9),1,IF(AND(JF$3=JG$3,JF9=JG9),1,0))))) | JK9: =IF(OR(ISBLANK(JI9),ISBLANK(JJ9),ISBLANK(JI$3)),"",IF(AND(JI9=JI$3,JJ$3=JJ9),3,IF(AND(JI$3>JJ$3,JI9>JJ9),1,IF(AND(JI$3<JJ$3,JI9<JJ9),1,IF(AND(JI$3=JJ$3,JI9=JJ9),1,0))))) | JN9: =IF(OR(ISBLANK(JL9),ISBLANK(JM9),ISBLANK(JL$3)),"",IF(AND(JL9=JL$3,JM$3=JM9),3,IF(AND(JL$3>JM$3,JL9>JM9),1,IF(AND(JL$3<JM$3,JL9<JM9),1,IF(AND(JL$3=JM$3,JL9=JM9),1,0))))) | JQ9: =IF(OR(ISBLANK(JO9),ISBLANK(JP9),ISBLANK(JO$3)),"",IF(AND(JO9=JO$3,JP$3=JP9),3,IF(AND(JO$3>JP$3,JO9>JP9),1,IF(AND(JO$3<JP$3,JO9<JP9),1,IF(AND(JO$3=JP$3,JO9=JP9),1,0))))) | JT9: =IF(OR(ISBLANK(JR9),ISBLANK(JS9),ISBLANK(JR$3)),"",IF(AND(JR9=JR$3,JS$3=JS9),3,IF(AND(JR$3>JS$3,JR9>JS9),1,IF(AND(JR$3<JS$3,JR9<JS9),1,IF(AND(JR$3=JS$3,JR9=JS9),1,0))))) | JW9: =IF(OR(ISBLANK(JU9),ISBLANK(JV9),ISBLANK(JU$3)),"",IF(AND(JU9=JU$3,JV$3=JV9),3,IF(AND(JU$3>JV$3,JU9>JV9),1,IF(AND(JU$3<JV$3,JU9<JV9),1,IF(AND(JU$3=JV$3,JU9=JV9),1,0))))) | JZ9: =IF(OR(ISBLANK(JX9),ISBLANK(JY9),ISBLANK(JX$3)),"",IF(AND(JX9=JX$3,JY$3=JY9),3,IF(AND(JX$3>JY$3,JX9>JY9),1,IF(AND(JX$3<JY$3,JX9<JY9),1,IF(AND(JX$3=JY$3,JX9=JY9),1,0))))) | KC9: =IF(OR(ISBLANK(KA9),ISBLANK(KB9),ISBLANK(KA$3)),"",IF(AND(KA9=KA$3,KB$3=KB9),3,IF(AND(KA$3>KB$3,KA9>KB9),1,IF(AND(KA$3<KB$3,KA9<KB9),1,IF(AND(KA$3=KB$3,KA9=KB9),1,0))))) | KF9: =IF(OR(ISBLANK(KD9),ISBLANK(KE9),ISBLANK(KD$3)),"",IF(AND(KD9=KD$3,KE$3=KE9),3,IF(AND(KD$3>KE$3,KD9>KE9),1,IF(AND(KD$3<KE$3,KD9<KE9),1,IF(AND(KD$3=KE$3,KD9=KE9),1,0))))) | KI9: =IF(OR(ISBLANK(KG9),ISBLANK(KH9),ISBLANK(KG$3)),"",IF(AND(KG9=KG$3,KH$3=KH9),5,IF(AND(KG$3>KH$3,KG9>KH9),1,IF(AND(KG$3<KH$3,KG9<KH9),1,IF(AND(KG$3=KH$3,KG9=KH9),1,0))))) | KL9: =IF(OR(ISBLANK(KJ9),ISBLANK(KK9),ISBLANK(KJ$3)),"",IF(AND(KJ9=KJ$3,KK$3=KK9),5,IF(AND(KJ$3>KK$3,KJ9>KK9),1,IF(AND(KJ$3<KK$3,KJ9<KK9),1,IF(AND(KJ$3=KK$3,KJ9=KK9),1,0))))) | KO9: =IF(OR(ISBLANK(KM9),ISBLANK(KN9),ISBLANK(KM$3)),"",IF(AND(KM9=KM$3,KN$3=KN9),5,IF(AND(KM$3>KN$3,KM9>KN9),1,IF(AND(KM$3<KN$3,KM9<KN9),1,IF(AND(KM$3=KN$3,KM9=KN9),1,0))))) | KR9: =IF(OR(ISBLANK(KP9),ISBLANK(KQ9),ISBLANK(KP$3)),"",IF(AND(KP9=KP$3,KQ$3=KQ9),5,IF(AND(KP$3>KQ$3,KP9>KQ9),1,IF(AND(KP$3<KQ$3,KP9<KQ9),1,IF(AND(KP$3=KQ$3,KP9=KQ9),1,0))))) | KU9: =IF(OR(ISBLANK(KS9),ISBLANK(KT9),ISBLANK(KS$3)),"",IF(AND(KS9=KS$3,KT$3=KT9),5,IF(AND(KS$3>KT$3,KS9>KT9),1,IF(AND(KS$3<KT$3,KS9<KT9),1,IF(AND(KS$3=KT$3,KS9=KT9),1,0))))) | KX9: =IF(OR(ISBLANK(KV9),ISBLANK(KW9),ISBLANK(KV$3)),"",IF(AND(KV9=KV$3,KW$3=KW9),5,IF(AND(KV$3>KW$3,KV9>KW9),1,IF(AND(KV$3<KW$3,KV9<KW9),1,IF(AND(KV$3=KW$3,KV9=KW9),1,0))))) | LA9: =IF(OR(ISBLANK(KY9),ISBLANK(KZ9),ISBLANK(KY$3)),"",IF(AND(KY9=KY$3,KZ$3=KZ9),5,IF(AND(KY$3>KZ$3,KY9>KZ9),1,IF(AND(KY$3<KZ$3,KY9<KZ9),1,IF(AND(KY$3=KZ$3,KY9=KZ9),1,0))))) | LD9: =IF(OR(ISBLANK(LB9),ISBLANK(LC9),ISBLANK(LB$3)),"",IF(AND(LB9=LB$3,LC$3=LC9),5,IF(AND(LB$3>LC$3,LB9>LC9),1,IF(AND(LB$3<LC$3,LB9<LC9),1,IF(AND(LB$3=LC$3,LB9=LC9),1,0))))) | LF9: =IF(ISBLANK(LE9),"",IF(LE7=LE9,5,0)) | LH9: =IF(ISBLANK(LG9),"",IF(LG7=LG9,5,0)) | LJ9: =IF(ISBLANK(LI9),"",IF(LI7=LI9,5,0)) | LL9: =IF(ISBLANK(LK9),"",IF(LK7=LK9,5,0)) | LN9: =IF(ISBLANK(LM9),"",IF(LM7=LM9,5,0))
A10: 7 | B10: Diego Alexander Mejía Estrada | C10: =SUM(G10,J10,M10,P10,S10,V10,Y10,AB10,AE10,AH10,AK10,AN10,AQ10,AT10,AW10,AZ10,BC10,BF10,BI10,BL10,BO10,BR10,BU10,BX10,CA10,CD10,CG10,CJ10,CM10,CP10,CS10,CV10,CY10,DB10,DE10,DH10,DK10,DN10,DQ10,DT10,DW10,DZ10,EC10,EF10,EI10,EL10,EO10,ER10,EU10,EX10,FA10,FD10,FG10,FJ10,FM10,FP10,FS10,FV10,FY10,GB10,GE10,GH10,GK10,GN10,GQ10,GT10,GW10,GZ10,HC10,HF10,HI10,HL10,HO10,HR10,HU10,HX10,IA10,ID10,IG10,IJ10,IM10,IP10,IS10,IV10,IY10,JB10,JE10,JH10,JK10,JN10,JQ10,JT10,JW10,JZ10,KC10,KF10,KI10,KL10,KO10,KR10,KU10,KX10,LA10,LD10,LF10,LH10,LJ10,LL10) -> 16 | D10: =VLOOKUP(B10,polla,2,FALSE) -> 2 | E10: 2 | F10: 0 | G10: =IF(OR(ISBLANK(E10),ISBLANK(F10),ISBLANK(E$3)),"",IF(AND(E10=E$3,F$3=F10),3,IF(AND(E$3>F$3,E10>F10),1,IF(AND(E$3<F$3,E10<F10),1,IF(AND(E$3=F$3,E10=F10),1,0))))) -> 3 | H10: 1 | I10: 1 | J10: =IF(OR(ISBLANK(H10),ISBLANK(I10),ISBLANK(H$3)),"",IF(AND(H10=H$3,I$3=I10),3,IF(AND(H$3>I$3,H10>I10),1,IF(AND(H$3<I$3,H10<I10),1,IF(AND(H$3=I$3,H10=I10),1,0))))) -> 0 | K10: 2 | L10: 1 | M10: =IF(OR(ISBLANK(K10),ISBLANK(L10),ISBLANK(K$3)),"",IF(AND(K10=K$3,L$3=L10),3,IF(AND(K$3>L$3,K10>L10),1,IF(AND(K$3<L$3,K10<L10),1,IF(AND(K$3=L$3,K10=L10),1,0))))) -> 0 | N10: 2 | O10: 1 | P10: =IF(OR(ISBLANK(N10),ISBLANK(O10),ISBLANK(N$3)),"",IF(AND(N10=N$3,O$3=O10),3,IF(AND(N$3>O$3,N10>O10),1,IF(AND(N$3<O$3,N10<O10),1,IF(AND(N$3=O$3,N10=O10),1,0))))) -> 1 | Q10: 0 | R10: 2 | S10: =IF(OR(ISBLANK(Q10),ISBLANK(R10),ISBLANK(Q$3)),"",IF(AND(Q10=Q$3,R$3=R10),3,IF(AND(Q$3>R$3,Q10>R10),1,IF(AND(Q$3<R$3,Q10<R10),1,IF(AND(Q$3=R$3,Q10=R10),1,0))))) -> 0 | T10: 2 | U10: 1 | V10: =IF(OR(ISBLANK(T10),ISBLANK(U10),ISBLANK(T$3)),"",IF(AND(T10=T$3,U$3=U10),3,IF(AND(T$3>U$3,T10>U10),1,IF(AND(T$3<U$3,T10<U10),1,IF(AND(T$3=U$3,T10=U10),1,0))))) -> 0 | W10: 0 | X10: 2 | Y10: =IF(OR(ISBLANK(W10),ISBLANK(X10),ISBLANK(W$3)),"",IF(AND(W10=W$3,X$3=X10),3,IF(AND(W$3>X$3,W10>X10),1,IF(AND(W$3<X$3,W10<X10),1,IF(AND(W$3=X$3,W10=X10),1,0))))) -> 1 | Z10: 1 | AA10: 1 | AB10: =IF(OR(ISBLANK(Z10),ISBLANK(AA10),ISBLANK(Z$3)),"",IF(AND(Z10=Z$3,AA$3=AA10),3,IF(AND(Z$3>AA$3,Z10>AA10),1,IF(AND(Z$3<AA$3,Z10<AA10),1,IF(AND(Z$3=AA$3,Z10=AA10),1,0))))) -> 0 | AC10: 3 | AD10: 0 | AE10: =IF(OR(ISBLANK(AC10),ISBLANK(AD10),ISBLANK(AC$3)),"",IF(AND(AC10=AC$3,AD$3=AD10),3,IF(AND(AC$3>AD$3,AC10>AD10),1,IF(AND(AC$3<AD$3,AC10<AD10),1,IF(AND(AC$3=AD$3,AC10=AD10),1,0))))) -> 1 | AF10: 2 | AG10: 1 | AH10: =IF(OR(ISBLANK(AF10),ISBLANK(AG10),ISBLANK(AF$3)),"",IF(AND(AF10=AF$3,AG$3=AG10),3,IF(AND(AF$3>AG$3,AF10>AG10),1,IF(AND(AF$3<AG$3,AF10<AG10),1,IF(AND(AF$3=AG$3,AF10=AG10),1,0))))) -> 0 | AI10: 1 | AJ10: 1 | AK10: =IF(OR(ISBLANK(AI10),ISBLANK(AJ10),ISBLANK(AI$3)),"",IF(AND(AI10=AI$3,AJ$3=AJ10),3,IF(AND(AI$3>AJ$3,AI10>AJ10),1,IF(AND(AI$3<AJ$3,AI10<AJ10),1,IF(AND(AI$3=AJ$3,AI10=AJ10),1,0))))) -> 0 | AL10: 1 | AM10: 0 | AN10: =IF(OR(ISBLANK(AL10),ISBLANK(AM10),ISBLANK(AL$3)),"",IF(AND(AL10=AL$3,AM$3=AM10),3,IF(AND(AL$3>AM$3,AL10>AM10),1,IF(AND(AL$3<AM$3,AL10<AM10),1,IF(AND(AL$3=AM$3,AL10=AM10),1,0))))) -> 1 | AO10: 3 | AP10: 0 | AQ10: =IF(OR(ISBLANK(AO10),ISBLANK(AP10),ISBLANK(AO$3)),"",IF(AND(AO10=AO$3,AP$3=AP10),3,IF(AND(AO$3>AP$3,AO10>AP10),1,IF(AND(AO$3<AP$3,AO10<AP10),1,IF(AND(AO$3=AP$3,AO10=AP10),1,0))))) -> 0 | AR10: 2 | AS10: 1 | AT10: =IF(OR(ISBLANK(AR10),ISBLANK(AS10),ISBLANK(AR$3)),"",IF(AND(AR10=AR$3,AS$3=AS10),3,IF(AND(AR$3>AS$3,AR10>AS10),1,IF(AND(AR$3<AS$3,AR10<AS10),1,IF(AND(AR$3=AS$3,AR10=AS10),1,0))))) -> 0 | AU10: 1 | AV10: 2 | AW10: =IF(OR(ISBLANK(AU10),ISBLANK(AV10),ISBLANK(AU$3)),"",IF(AND(AU10=AU$3,AV$3=AV10),3,IF(AND(AU$3>AV$3,AU10>AV10),1,IF(AND(AU$3<AV$3,AU10<AV10),1,IF(AND(AU$3=AV$3,AU10=AV10),1,0))))) -> 0 | AX10: 0 | AY10: 2 | AZ10: =IF(OR(ISBLANK(AX10),ISBLANK(AY10),ISBLANK(AX$3)),"",IF(AND(AX10=AX$3,AY$3=AY10),3,IF(AND(AX$3>AY$3,AX10>AY10),1,IF(AND(AX$3<AY$3,AX10<AY10),1,IF(AND(AX$3=AY$3,AX10=AY10),1,0))))) -> 0 | BA10: 3 | BB10: 1 | BC10: =IF(OR(ISBLANK(BA10),ISBLANK(BB10),ISBLANK(BA$3)),"",IF(AND(BA10=BA$3,BB$3=BB10),3,IF(AND(BA$3>BB$3,BA10>BB10),1,IF(AND(BA$3<BB$3,BA10<BB10),1,IF(AND(BA$3=BB$3,BA10=BB10),1,0))))) -> 3 | BD10: 1 | BE10: 2 | BF10: =IF(OR(ISBLANK(BD10),ISBLANK(BE10),ISBLANK(BD$3)),"",IF(AND(BD10=BD$3,BE$3=BE10),3,IF(AND(BD$3>BE$3,BD10>BE10),1,IF(AND(BD$3<BE$3,BD10<BE10),1,IF(AND(BD$3=BE$3,BD10=BE10),1,0))))) -> 1 | BG10: 2 | BH10: 0 | BI10: =IF(OR(ISBLANK(BG10),ISBLANK(BH10),ISBLANK(BG$3)),"",IF(AND(BG10=BG$3,BH$3=BH10),3,IF(AND(BG$3>BH$3,BG10>BH10),1,IF(AND(BG$3<BH$3,BG10<BH10),1,IF(AND(BG$3=BH$3,BG10=BH10),1,0))))) -> 1 | BJ10: 2 | BK10: 0 | BL10: =IF(OR(ISBLANK(BJ10),ISBLANK(BK10),ISBLANK(BJ$3)),"",IF(AND(BJ10=BJ$3,BK$3=BK10),3,IF(AND(BJ$3>BK$3,BJ10>BK10),1,IF(AND(BJ$3<BK$3,BJ10<BK10),1,IF(AND(BJ$3=BK$3,BJ10=BK10),1,0))))) -> 1 | BM10: 3 | BN10: 0 | BO10: =IF(OR(ISBLANK(BM10),ISBLANK(BN10),ISBLANK(BM$3)),"",IF(AND(BM10=BM$3,BN$3=BN10),3,IF(AND(BM$3>BN$3,BM10>BN10),1,IF(AND(BM$3<BN$3,BM10<BN10),1,IF(AND(BM$3=BN$3,BM10=BN10),1,0))))) -> 0 | BP10: 2 | BQ10: 1 | BR10: =IF(OR(ISBLANK(BP10),ISBLANK(BQ10),ISBLANK(BP$3)),"",IF(AND(BP10=BP$3,BQ$3=BQ10),3,IF(AND(BP$3>BQ$3,BP10>BQ10),1,IF(AND(BP$3<BQ$3,BP10<BQ10),1,IF(AND(BP$3=BQ$3,BP10=BQ10),1,0))))) -> 1 | BS10: 2 | BT10: 1 | BU10: =IF(OR(ISBLANK(BS10),ISBLANK(BT10),ISBLANK(BS$3)),"",IF(AND(BS10=BS$3,BT$3=BT10),3,IF(AND(BS$3>BT$3,BS10>BT10),1,IF(AND(BS$3<BT$3,BS10<BT10),1,IF(AND(BS$3=BT$3,BS10=BT10),1,0))))) -> 1 | BV10: 1 | BW10: 2 | BX10: =IF(OR(ISBLANK(BV10),ISBLANK(BW10),ISBLANK(BV$3)),"",IF(AND(BV10=BV$3,BW$3=BW10),3,IF(AND(BV$3>BW$3,BV10>BW10),1,IF(AND(BV$3<BW$3,BV10<BW10),1,IF(AND(BV$3=BW$3,BV10=BW10),1,0))))) -> 1 | BY10: 0 | BZ10: 2 | CA10: =IF(OR(ISBLANK(BY10),ISBLANK(BZ10),ISBLANK(BY$3)),"",IF(AND(BY10=BY$3,BZ$3=BZ10),3,IF(AND(BY$3>BZ$3,BY10>BZ10),1,IF(AND(BY$3<BZ$3,BY10<BZ10),1,IF(AND(BY$3=BZ$3,BY10=BZ10),1,0))))) | CB10: 0 | CC10: 1 | CD10: =IF(OR(ISBLANK(CB10),ISBLANK(CC10),ISBLANK(CB$3)),"",IF(AND(CB10=CB$3,CC$3=CC10),3,IF(AND(CB$3>CC$3,CB10>CC10),1,IF(AND(CB$3<CC$3,CB10<CC10),1,IF(AND(CB$3=CC$3,CB10=CC10),1,0))))) | CE10: 1 | CF10: 1 | CG10: =IF(OR(ISBLANK(CE10),ISBLANK(CF10),ISBLANK(CE$3)),"",IF(AND(CE10=CE$3,CF$3=CF10),3,IF(AND(CE$3>CF$3,CE10>CF10),1,IF(AND(CE$3<CF$3,CE10<CF10),1,IF(AND(CE$3=CF$3,CE10=CF10),1,0))))) | CH10: 2 | CI10: 1 | CJ10: =IF(OR(ISBLANK(CH10),ISBLANK(CI10),ISBLANK(CH$3)),"",IF(AND(CH10=CH$3,CI$3=CI10),3,IF(AND(CH$3>CI$3,CH10>CI10),1,IF(AND(CH$3<CI$3,CH10<CI10),1,IF(AND(CH$3=CI$3,CH10=CI10),1,0))))) | CK10: 2 | CL10: 0 | CM10: =IF(OR(ISBLANK(CK10),ISBLANK(CL10),ISBLANK(CK$3)),"",IF(AND(CK10=CK$3,CL$3=CL10),3,IF(AND(CK$3>CL$3,CK10>CL10),1,IF(AND(CK$3<CL$3,CK10<CL10),1,IF(AND(CK$3=CL$3,CK10=CL10),1,0))))) | CN10: 1 | CO10: 2 | CP10: =IF(OR(ISBLANK(CN10),ISBLANK(CO10),ISBLANK(CN$3)),"",IF(AND(CN10=CN$3,CO$3=CO10),3,IF(AND(CN$3>CO$3,CN10>CO10),1,IF(AND(CN$3<CO$3,CN10<CO10),1,IF(AND(CN$3=CO$3,CN10=CO10),1,0))))) | CQ10: 3 | CR10: 0 | CS10: =IF(OR(ISBLANK(CQ10),ISBLANK(CR10),ISBLANK(CQ$3)),"",IF(AND(CQ10=CQ$3,CR$3=CR10),3,IF(AND(CQ$3>CR$3,CQ10>CR10),1,IF(AND(CQ$3<CR$3,CQ10<CR10),1,IF(AND(CQ$3=CR$3,CQ10=CR10),1,0))))) | CT10: 1 | CU10: 1 | CV10: =IF(OR(ISBLANK(CT10),ISBLANK(CU10),ISBLANK(CT$3)),"",IF(AND(CT10=CT$3,CU$3=CU10),3,IF(AND(CT$3>CU$3,CT10>CU10),1,IF(AND(CT$3<CU$3,CT10<CU10),1,IF(AND(CT$3=CU$3,CT10=CU10),1,0))))) | CW10: 3 | CX10: 1 | CY10: =IF(OR(ISBLANK(CW10),ISBLANK(CX10),ISBLANK(CW$3)),"",IF(AND(CW10=CW$3,CX$3=CX10),3,IF(AND(CW$3>CX$3,CW10>CX10),1,IF(AND(CW$3<CX$3,CW10<CX10),1,IF(AND(CW$3=CX$3,CW10=CX10),1,0))))) | CZ10: 3 | DA10: 0 | DB10: =IF(OR(ISBLANK(CZ10),ISBLANK(DA10),ISBLANK(CZ$3)),"",IF(AND(CZ10=CZ$3,DA$3=DA10),3,IF(AND(CZ$3>DA$3,CZ10>DA10),1,IF(AND(CZ$3<DA$3,CZ10<DA10),1,IF(AND(CZ$3=DA$3,CZ10=DA10),1,0))))) | DC10: 2 | DD10: 0 | DE10: =IF(OR(ISBLANK(DC10),ISBLANK(DD10),ISBLANK(DC$3)),"",IF(AND(DC10=DC$3,DD$3=DD10),3,IF(AND(DC$3>DD$3,DC10>DD10),1,IF(AND(DC$3<DD$3,DC10<DD10),1,IF(AND(DC$3=DD$3,DC10=DD10),1,0))))) | DF10: 1 | DG10: 2 | DH10: =IF(OR(ISBLANK(DF10),ISBLANK(DG10),ISBLANK(DF$3)),"",IF(AND(DF10=DF$3,DG$3=DG10),3,IF(AND(DF$3>DG$3,DF10>DG10),1,IF(AND(DF$3<DG$3,DF10<DG10),1,IF(AND(DF$3=DG$3,DF10=DG10),1,0))))) | DI10: 2 | DJ10: 0 | DK10: =IF(OR(ISBLANK(DI10),ISBLANK(DJ10),ISBLANK(DI$3)),"",IF(AND(DI10=DI$3,DJ$3=DJ10),3,IF(AND(DI$3>DJ$3,DI10>DJ10),1,IF(AND(DI$3<DJ$3,DI10<DJ10),1,IF(AND(DI$3=DJ$3,DI10=DJ10),1,0))))) | DL10: 2 | DM10: 0 | DN10: =IF(OR(ISBLANK(DL10),ISBLANK(DM10),ISBLANK(DL$3)),"",IF(AND(DL10=DL$3,DM$3=DM10),3,IF(AND(DL$3>DM$3,DL10>DM10),1,IF(AND(DL$3<DM$3,DL10<DM10),1,IF(AND(DL$3=DM$3,DL10=DM10),1,0))))) | DO10: 2 | DP10: 0 | DQ10: =IF(OR(ISBLANK(DO10),ISBLANK(DP10),ISBLANK(DO$3)),"",IF(AND(DO10=DO$3,DP$3=DP10),3,IF(AND(DO$3>DP$3,DO10>DP10),1,IF(AND(DO$3<DP$3,DO10<DP10),1,IF(AND(DO$3=DP$3,DO10=DP10),1,0))))) | DR10: 1 | DS10: 3 | DT10: =IF(OR(ISBLANK(DR10),ISBLANK(DS10),ISBLANK(DR$3)),"",IF(AND(DR10=DR$3,DS$3=DS10),3,IF(AND(DR$3>DS$3,DR10>DS10),1,IF(AND(DR$3<DS$3,DR10<DS10),1,IF(AND(DR$3=DS$3,DR10=DS10),1,0))))) | DU10: 2 | DV10: 0 | DW10: =IF(OR(ISBLANK(DU10),ISBLANK(DV10),ISBLANK(DU$3)),"",IF(AND(DU10=DU$3,DV$3=DV10),3,IF(AND(DU$3>DV$3,DU10>DV10),1,IF(AND(DU$3<DV$3,DU10<DV10),1,IF(AND(DU$3=DV$3,DU10=DV10),1,0))))) | DX10: 3 | DY10: 0 | DZ10: =IF(OR(ISBLANK(DX10),ISBLANK(DY10),ISBLANK(DX$3)),"",IF(AND(DX10=DX$3,DY$3=DY10),3,IF(AND(DX$3>DY$3,DX10>DY10),1,IF(AND(DX$3<DY$3,DX10<DY10),1,IF(AND(DX$3=DY$3,DX10=DY10),1,0))))) | EA10: 2 | EB10: 1 | EC10: =IF(OR(ISBLANK(EA10),ISBLANK(EB10),ISBLANK(EA$3)),"",IF(AND(EA10=EA$3,EB$3=EB10),3,IF(AND(EA$3>EB$3,EA10>EB10),1,IF(AND(EA$3<EB$3,EA10<EB10),1,IF(AND(EA$3=EB$3,EA10=EB10),1,0))))) | ED10: 1 | EE10: 2 | EF10: =IF(OR(ISBLANK(ED10),ISBLANK(EE10),ISBLANK(ED$3)),"",IF(AND(ED10=ED$3,EE$3=EE10),3,IF(AND(ED$3>EE$3,ED10>EE10),1,IF(AND(ED$3<EE$3,ED10<EE10),1,IF(AND(ED$3=EE$3,ED10=EE10),1,0))))) | EG10: 2 | EH10: 0 | EI10: =IF(OR(ISBLANK(EG10),ISBLANK(EH10),ISBLANK(EG$3)),"",IF(AND(EG10=EG$3,EH$3=EH10),3,IF(AND(EG$3>EH$3,EG10>EH10),1,IF(AND(EG$3<EH$3,EG10<EH10),1,IF(AND(EG$3=EH$3,EG10=EH10),1,0))))) | EJ10: 3 | EK10: 1 | EL10: =IF(OR(ISBLANK(EJ10),ISBLANK(EK10),ISBLANK(EJ$3)),"",IF(AND(EJ10=EJ$3,EK$3=EK10),3,IF(AND(EJ$3>EK$3,EJ10>EK10),1,IF(AND(EJ$3<EK$3,EJ10<EK10),1,IF(AND(EJ$3=EK$3,EJ10=EK10),1,0))))) | EM10: 1 | EN10: 3 | EO10: =IF(OR(ISBLANK(EM10),ISBLANK(EN10),ISBLANK(EM$3)),"",IF(AND(EM10=EM$3,EN$3=EN10),3,IF(AND(EM$3>EN$3,EM10>EN10),1,IF(AND(EM$3<EN$3,EM10<EN10),1,IF(AND(EM$3=EN$3,EM10=EN10),1,0))))) | EP10: 1 | EQ10: 0 | ER10: =IF(OR(ISBLANK(EP10),ISBLANK(EQ10),ISBLANK(EP$3)),"",IF(AND(EP10=EP$3,EQ$3=EQ10),3,IF(AND(EP$3>EQ$3,EP10>EQ10),1,IF(AND(EP$3<EQ$3,EP10<EQ10),1,IF(AND(EP$3=EQ$3,EP10=EQ10),1,0))))) | EU10: =IF(OR(ISBLANK(ES10),ISBLANK(ET10),ISBLANK(ES$3)),"",IF(AND(ES10=ES$3,ET$3=ET10),3,IF(AND(ES$3>ET$3,ES10>ET10),1,IF(AND(ES$3<ET$3,ES10<ET10),1,IF(AND(ES$3=ET$3,ES10=ET10),1,0))))) | EX10: =IF(OR(ISBLANK(EV10),ISBLANK(EW10),ISBLANK(EV$3)),"",IF(AND(EV10=EV$3,EW$3=EW10),3,IF(AND(EV$3>EW$3,EV10>EW10),1,IF(AND(EV$3<EW$3,EV10<EW10),1,IF(AND(EV$3=EW$3,EV10=EW10),1,0))))) | FA10: =IF(OR(ISBLANK(EY10),ISBLANK(EZ10),ISBLANK(EY$3)),"",IF(AND(EY10=EY$3,EZ$3=EZ10),3,IF(AND(EY$3>EZ$3,EY10>EZ10),1,IF(AND(EY$3<EZ$3,EY10<EZ10),1,IF(AND(EY$3=EZ$3,EY10=EZ10),1,0))))) | FD10: =IF(OR(ISBLANK(FB10),ISBLANK(FC10),ISBLANK(FB$3)),"",IF(AND(FB10=FB$3,FC$3=FC10),3,IF(AND(FB$3>FC$3,FB10>FC10),1,IF(AND(FB$3<FC$3,FB10<FC10),1,IF(AND(FB$3=FC$3,FB10=FC10),1,0))))) | FG10: =IF(OR(ISBLANK(FE10),ISBLANK(FF10),ISBLANK(FE$3)),"",IF(AND(FE10=FE$3,FF$3=FF10),3,IF(AND(FE$3>FF$3,FE10>FF10),1,IF(AND(FE$3<FF$3,FE10<FF10),1,IF(AND(FE$3=FF$3,FE10=FF10),1,0))))) | FJ10: =IF(OR(ISBLANK(FH10),ISBLANK(FI10),ISBLANK(FH$3)),"",IF(AND(FH10=FH$3,FI$3=FI10),3,IF(AND(FH$3>FI$3,FH10>FI10),1,IF(AND(FH$3<FI$3,FH10<FI10),1,IF(AND(FH$3=FI$3,FH10=FI10),1,0))))) | FM10: =IF(OR(ISBLANK(FK10),ISBLANK(FL10),ISBLANK(FK$3)),"",IF(AND(FK10=FK$3,FL$3=FL10),3,IF(AND(FK$3>FL$3,FK10>FL10),1,IF(AND(FK$3<FL$3,FK10<FL10),1,IF(AND(FK$3=FL$3,FK10=FL10),1,0))))) | FP10: =IF(OR(ISBLANK(FN10),ISBLANK(FO10),ISBLANK(FN$3)),"",IF(AND(FN10=FN$3,FO$3=FO10),3,IF(AND(FN$3>FO$3,FN10>FO10),1,IF(AND(FN$3<FO$3,FN10<FO10),1,IF(AND(FN$3=FO$3,FN10=FO10),1,0))))) | FS10: =IF(OR(ISBLANK(FQ10),ISBLANK(FR10),ISBLANK(FQ$3)),"",IF(AND(FQ10=FQ$3,FR$3=FR10),3,IF(AND(FQ$3>FR$3,FQ10>FR10),1,IF(AND(FQ$3<FR$3,FQ10<FR10),1,IF(AND(FQ$3=FR$3,FQ10=FR10),1,0))))) | FV10: =IF(OR(ISBLANK(FT10),ISBLANK(FU10),ISBLANK(FT$3)),"",IF(AND(FT10=FT$3,FU$3=FU10),3,IF(AND(FT$3>FU$3,FT10>FU10),1,IF(AND(FT$3<FU$3,FT10<FU10),1,IF(AND(FT$3=FU$3,FT10=FU10),1,0))))) | FY10: =IF(OR(ISBLANK(FW10),ISBLANK(FX10),ISBLANK(FW$3)),"",IF(AND(FW10=FW$3,FX$3=FX10),3,IF(AND(FW$3>FX$3,FW10>FX10),1,IF(AND(FW$3<FX$3,FW10<FX10),1,IF(AND(FW$3=FX$3,FW10=FX10),1,0))))) | GB10: =IF(OR(ISBLANK(FZ10),ISBLANK(GA10),ISBLANK(FZ$3)),"",IF(AND(FZ10=FZ$3,GA$3=GA10),3,IF(AND(FZ$3>GA$3,FZ10>GA10),1,IF(AND(FZ$3<GA$3,FZ10<GA10),1,IF(AND(FZ$3=GA$3,FZ10=GA10),1,0))))) | GE10: =IF(OR(ISBLANK(GC10),ISBLANK(GD10),ISBLANK(GC$3)),"",IF(AND(GC10=GC$3,GD$3=GD10),3,IF(AND(GC$3>GD$3,GC10>GD10),1,IF(AND(GC$3<GD$3,GC10<GD10),1,IF(AND(GC$3=GD$3,GC10=GD10),1,0))))) | GH10: =IF(OR(ISBLANK(GF10),ISBLANK(GG10),ISBLANK(GF$3)),"",IF(AND(GF10=GF$3,GG$3=GG10),3,IF(AND(GF$3>GG$3,GF10>GG10),1,IF(AND(GF$3<GG$3,GF10<GG10),1,IF(AND(GF$3=GG$3,GF10=GG10),1,0))))) | GK10: =IF(OR(ISBLANK(GI10),ISBLANK(GJ10),ISBLANK(GI$3)),"",IF(AND(GI10=GI$3,GJ$3=GJ10),3,IF(AND(GI$3>GJ$3,GI10>GJ10),1,IF(AND(GI$3<GJ$3,GI10<GJ10),1,IF(AND(GI$3=GJ$3,GI10=GJ10),1,0))))) | GN10: =IF(OR(ISBLANK(GL10),ISBLANK(GM10),ISBLANK(GL$3)),"",IF(AND(GL10=GL$3,GM$3=GM10),3,IF(AND(GL$3>GM$3,GL10>GM10),1,IF(AND(GL$3<GM$3,GL10<GM10),1,IF(AND(GL$3=GM$3,GL10=GM10),1,0))))) | GQ10: =IF(OR(ISBLANK(GO10),ISBLANK(GP10),ISBLANK(GO$3)),"",IF(AND(GO10=GO$3,GP$3=GP10),3,IF(AND(GO$3>GP$3,GO10>GP10),1,IF(AND(GO$3<GP$3,GO10<GP10),1,IF(AND(GO$3=GP$3,GO10=GP10),1,0))))) | GT10: =IF(OR(ISBLANK(GR10),ISBLANK(GS10),ISBLANK(GR$3)),"",IF(AND(GR10=GR$3,GS$3=GS10),3,IF(AND(GR$3>GS$3,GR10>GS10),1,IF(AND(GR$3<GS$3,GR10<GS10),1,IF(AND(GR$3=GS$3,GR10=GS10),1,0))))) | GW10: =IF(OR(ISBLANK(GU10),ISBLANK(GV10),ISBLANK(GU$3)),"",IF(AND(GU10=GU$3,GV$3=GV10),3,IF(AND(GU$3>GV$3,GU10>GV10),1,IF(AND(GU$3<GV$3,GU10<GV10),1,IF(AND(GU$3=GV$3,GU10=GV10),1,0))))) | GZ10: =IF(OR(ISBLANK(GX10),ISBLANK(GY10),ISBLANK(GX$3)),"",IF(AND(GX10=GX$3,GY$3=GY10),3,IF(AND(GX$3>GY$3,GX10>GY10),1,IF(AND(GX$3<GY$3,GX10<GY10),1,IF(AND(GX$3=GY$3,GX10=GY10),1,0))))) | HC10: =IF(OR(ISBLANK(HA10),ISBLANK(HB10),ISBLANK(HA$3)),"",IF(AND(HA10=HA$3,HB$3=HB10),3,IF(AND(HA$3>HB$3,HA10>HB10),1,IF(AND(HA$3<HB$3,HA10<HB10),1,IF(AND(HA$3=HB$3,HA10=HB10),1,0))))) | HF10: =IF(OR(ISBLANK(HD10),ISBLANK(HE10),ISBLANK(HD$3)),"",IF(AND(HD10=HD$3,HE$3=HE10),3,IF(AND(HD$3>HE$3,HD10>HE10),1,IF(AND(HD$3<HE$3,HD10<HE10),1,IF(AND(HD$3=HE$3,HD10=HE10),1,0))))) | HI10: =IF(OR(ISBLANK(HG10),ISBLANK(HH10),ISBLANK(HG$3)),"",IF(AND(HG10=HG$3,HH$3=HH10),3,IF(AND(HG$3>HH$3,HG10>HH10),1,IF(AND(HG$3<HH$3,HG10<HH10),1,IF(AND(HG$3=HH$3,HG10=HH10),1,0))))) | HL10: =IF(OR(ISBLANK(HJ10),ISBLANK(HK10),ISBLANK(HJ$3)),"",IF(AND(HJ10=HJ$3,HK$3=HK10),3,IF(AND(HJ$3>HK$3,HJ10>HK10),1,IF(AND(HJ$3<HK$3,HJ10<HK10),1,IF(AND(HJ$3=HK$3,HJ10=HK10),1,0))))) | HO10: =IF(OR(ISBLANK(HM10),ISBLANK(HN10),ISBLANK(HM$3)),"",IF(AND(HM10=HM$3,HN$3=HN10),3,IF(AND(HM$3>HN$3,HM10>HN10),1,IF(AND(HM$3<HN$3,HM10<HN10),1,IF(AND(HM$3=HN$3,HM10=HN10),1,0))))) | HR10: =IF(OR(ISBLANK(HP10),ISBLANK(HQ10),ISBLANK(HP$3)),"",IF(AND(HP10=HP$3,HQ$3=HQ10),3,IF(AND(HP$3>HQ$3,HP10>HQ10),1,IF(AND(HP$3<HQ$3,HP10<HQ10),1,IF(AND(HP$3=HQ$3,HP10=HQ10),1,0))))) | HU10: =IF(OR(ISBLANK(HS10),ISBLANK(HT10),ISBLANK(HS$3)),"",IF(AND(HS10=HS$3,HT$3=HT10),3,IF(AND(HS$3>HT$3,HS10>HT10),1,IF(AND(HS$3<HT$3,HS10<HT10),1,IF(AND(HS$3=HT$3,HS10=HT10),1,0))))) | HX10: =IF(OR(ISBLANK(HV10),ISBLANK(HW10),ISBLANK(HV$3)),"",IF(AND(HV10=HV$3,HW$3=HW10),3,IF(AND(HV$3>HW$3,HV10>HW10),1,IF(AND(HV$3<HW$3,HV10<HW10),1,IF(AND(HV$3=HW$3,HV10=HW10),1,0))))) | IA10: =IF(OR(ISBLANK(HY10),ISBLANK(HZ10),ISBLANK(HY$3)),"",IF(AND(HY10=HY$3,HZ$3=HZ10),3,IF(AND(HY$3>HZ$3,HY10>HZ10),1,IF(AND(HY$3<HZ$3,HY10<HZ10),1,IF(AND(HY$3=HZ$3,HY10=HZ10),1,0))))) | ID10: =IF(OR(ISBLANK(IB10),ISBLANK(IC10),ISBLANK(IB$3)),"",IF(AND(IB10=IB$3,IC$3=IC10),3,IF(AND(IB$3>IC$3,IB10>IC10),1,IF(AND(IB$3<IC$3,IB10<IC10),1,IF(AND(IB$3=IC$3,IB10=IC10),1,0))))) | IG10: =IF(OR(ISBLANK(IE10),ISBLANK(IF10),ISBLANK(IE$3)),"",IF(AND(IE10=IE$3,IF$3=IF10),3,IF(AND(IE$3>IF$3,IE10>IF10),1,IF(AND(IE$3<IF$3,IE10<IF10),1,IF(AND(IE$3=IF$3,IE10=IF10),1,0))))) | IJ10: =IF(OR(ISBLANK(IH10),ISBLANK(II10),ISBLANK(IH$3)),"",IF(AND(IH10=IH$3,II$3=II10),3,IF(AND(IH$3>II$3,IH10>II10),1,IF(AND(IH$3<II$3,IH10<II10),1,IF(AND(IH$3=II$3,IH10=II10),1,0))))) | IM10: =IF(OR(ISBLANK(IK10),ISBLANK(IL10),ISBLANK(IK$3)),"",IF(AND(IK10=IK$3,IL$3=IL10),3,IF(AND(IK$3>IL$3,IK10>IL10),1,IF(AND(IK$3<IL$3,IK10<IL10),1,IF(AND(IK$3=IL$3,IK10=IL10),1,0))))) | IP10: =IF(OR(ISBLANK(IN10),ISBLANK(IO10),ISBLANK(IN$3)),"",IF(AND(IN10=IN$3,IO$3=IO10),3,IF(AND(IN$3>IO$3,IN10>IO10),1,IF(AND(IN$3<IO$3,IN10<IO10),1,IF(AND(IN$3=IO$3,IN10=IO10),1,0))))) | IS10: =IF(OR(ISBLANK(IQ10),ISBLANK(IR10),ISBLANK(IQ$3)),"",IF(AND(IQ10=IQ$3,IR$3=IR10),3,IF(AND(IQ$3>IR$3,IQ10>IR10),1,IF(AND(IQ$3<IR$3,IQ10<IR10),1,IF(AND(IQ$3=IR$3,IQ10=IR10),1,0))))) | IV10: =IF(OR(ISBLANK(IT10),ISBLANK(IU10),ISBLANK(IT$3)),"",IF(AND(IT10=IT$3,IU$3=IU10),3,IF(AND(IT$3>IU$3,IT10>IU10),1,IF(AND(IT$3<IU$3,IT10<IU10),1,IF(AND(IT$3=IU$3,IT10=IU10),1,0))))) | IY10: =IF(OR(ISBLANK(IW10),ISBLANK(IX10),ISBLANK(IW$3)),"",IF(AND(IW10=IW$3,IX$3=IX10),3,IF(AND(IW$3>IX$3,IW10>IX10),1,IF(AND(IW$3<IX$3,IW10<IX10),1,IF(AND(IW$3=IX$3,IW10=IX10),1,0))))) | JB10: =IF(OR(ISBLANK(IZ10),ISBLANK(JA10),ISBLANK(IZ$3)),"",IF(AND(IZ10=IZ$3,JA$3=JA10),3,IF(AND(IZ$3>JA$3,IZ10>JA10),1,IF(AND(IZ$3<JA$3,IZ10<JA10),1,IF(AND(IZ$3=JA$3,IZ10=JA10),1,0))))) | JE10: =IF(OR(ISBLANK(JC10),ISBLANK(JD10),ISBLANK(JC$3)),"",IF(AND(JC10=JC$3,JD$3=JD10),3,IF(AND(JC$3>JD$3,JC10>JD10),1,IF(AND(JC$3<JD$3,JC10<JD10),1,IF(AND(JC$3=JD$3,JC10=JD10),1,0))))) | JH10: =IF(OR(ISBLANK(JF10),ISBLANK(JG10),ISBLANK(JF$3)),"",IF(AND(JF10=JF$3,JG$3=JG10),3,IF(AND(JF$3>JG$3,JF10>JG10),1,IF(AND(JF$3<JG$3,JF10<JG10),1,IF(AND(JF$3=JG$3,JF10=JG10),1,0))))) | JK10: =IF(OR(ISBLANK(JI10),ISBLANK(JJ10),ISBLANK(JI$3)),"",IF(AND(JI10=JI$3,JJ$3=JJ10),3,IF(AND(JI$3>JJ$3,JI10>JJ10),1,IF(AND(JI$3<JJ$3,JI10<JJ10),1,IF(AND(JI$3=JJ$3,JI10=JJ10),1,0))))) | JN10: =IF(OR(ISBLANK(JL10),ISBLANK(JM10),ISBLANK(JL$3)),"",IF(AND(JL10=JL$3,JM$3=JM10),3,IF(AND(JL$3>JM$3,JL10>JM10),1,IF(AND(JL$3<JM$3,JL10<JM10),1,IF(AND(JL$3=JM$3,JL10=JM10),1,0))))) | JQ10: =IF(OR(ISBLANK(JO10),ISBLANK(JP10),ISBLANK(JO$3)),"",IF(AND(JO10=JO$3,JP$3=JP10),3,IF(AND(JO$3>JP$3,JO10>JP10),1,IF(AND(JO$3<JP$3,JO10<JP10),1,IF(AND(JO$3=JP$3,JO10=JP10),1,0))))) | JT10: =IF(OR(ISBLANK(JR10),ISBLANK(JS10),ISBLANK(JR$3)),"",IF(AND(JR10=JR$3,JS$3=JS10),3,IF(AND(JR$3>JS$3,JR10>JS10),1,IF(AND(JR$3<JS$3,JR10<JS10),1,IF(AND(JR$3=JS$3,JR10=JS10),1,0))))) | JW10: =IF(OR(ISBLANK(JU10),ISBLANK(JV10),ISBLANK(JU$3)),"",IF(AND(JU10=JU$3,JV$3=JV10),3,IF(AND(JU$3>JV$3,JU10>JV10),1,IF(AND(JU$3<JV$3,JU10<JV10),1,IF(AND(JU$3=JV$3,JU10=JV10),1,0))))) | JZ10: =IF(OR(ISBLANK(JX10),ISBLANK(JY10),ISBLANK(JX$3)),"",IF(AND(JX10=JX$3,JY$3=JY10),3,IF(AND(JX$3>JY$3,JX10>JY10),1,IF(AND(JX$3<JY$3,JX10<JY10),1,IF(AND(JX$3=JY$3,JX10=JY10),1,0))))) | KC10: =IF(OR(ISBLANK(KA10),ISBLANK(KB10),ISBLANK(KA$3)),"",IF(AND(KA10=KA$3,KB$3=KB10),3,IF(AND(KA$3>KB$3,KA10>KB10),1,IF(AND(KA$3<KB$3,KA10<KB10),1,IF(AND(KA$3=KB$3,KA10=KB10),1,0))))) | KF10: =IF(OR(ISBLANK(KD10),ISBLANK(KE10),ISBLANK(KD$3)),"",IF(AND(KD10=KD$3,KE$3=KE10),3,IF(AND(KD$3>KE$3,KD10>KE10),1,IF(AND(KD$3<KE$3,KD10<KE10),1,IF(AND(KD$3=KE$3,KD10=KE10),1,0))))) | KI10: =IF(OR(ISBLANK(KG10),ISBLANK(KH10),ISBLANK(KG$3)),"",IF(AND(KG10=KG$3,KH$3=KH10),5,IF(AND(KG$3>KH$3,KG10>KH10),1,IF(AND(KG$3<KH$3,KG10<KH10),1,IF(AND(KG$3=KH$3,KG10=KH10),1,0))))) | KL10: =IF(OR(ISBLANK(KJ10),ISBLANK(KK10),ISBLANK(KJ$3)),"",IF(AND(KJ10=KJ$3,KK$3=KK10),5,IF(AND(KJ$3>KK$3,KJ10>KK10),1,IF(AND(KJ$3<KK$3,KJ10<KK10),1,IF(AND(KJ$3=KK$3,KJ10=KK10),1,0))))) | KO10: =IF(OR(ISBLANK(KM10),ISBLANK(KN10),ISBLANK(KM$3)),"",IF(AND(KM10=KM$3,KN$3=KN10),5,IF(AND(KM$3>KN$3,KM10>KN10),1,IF(AND(KM$3<KN$3,KM10<KN10),1,IF(AND(KM$3=KN$3,KM10=KN10),1,0))))) | KR10: =IF(OR(ISBLANK(KP10),ISBLANK(KQ10),ISBLANK(KP$3)),"",IF(AND(KP10=KP$3,KQ$3=KQ10),5,IF(AND(KP$3>KQ$3,KP10>KQ10),1,IF(AND(KP$3<KQ$3,KP10<KQ10),1,IF(AND(KP$3=KQ$3,KP10=KQ10),1,0))))) | KU10: =IF(OR(ISBLANK(KS10),ISBLANK(KT10),ISBLANK(KS$3)),"",IF(AND(KS10=KS$3,KT$3=KT10),5,IF(AND(KS$3>KT$3,KS10>KT10),1,IF(AND(KS$3<KT$3,KS10<KT10),1,IF(AND(KS$3=KT$3,KS10=KT10),1,0))))) | KX10: =IF(OR(ISBLANK(KV10),ISBLANK(KW10),ISBLANK(KV$3)),"",IF(AND(KV10=KV$3,KW$3=KW10),5,IF(AND(KV$3>KW$3,KV10>KW10),1,IF(AND(KV$3<KW$3,KV10<KW10),1,IF(AND(KV$3=KW$3,KV10=KW10),1,0))))) | LA10: =IF(OR(ISBLANK(KY10),ISBLANK(KZ10),ISBLANK(KY$3)),"",IF(AND(KY10=KY$3,KZ$3=KZ10),5,IF(AND(KY$3>KZ$3,KY10>KZ10),1,IF(AND(KY$3<KZ$3,KY10<KZ10),1,IF(AND(KY$3=KZ$3,KY10=KZ10),1,0))))) | LD10: =IF(OR(ISBLANK(LB10),ISBLANK(LC10),ISBLANK(LB$3)),"",IF(AND(LB10=LB$3,LC$3=LC10),5,IF(AND(LB$3>LC$3,LB10>LC10),1,IF(AND(LB$3<LC$3,LB10<LC10),1,IF(AND(LB$3=LC$3,LB10=LC10),1,0))))) | LF10: =IF(ISBLANK(LE10),"",IF(LE8=LE10,5,0)) | LH10: =IF(ISBLANK(LG10),"",IF(LG8=LG10,5,0)) | LJ10: =IF(ISBLANK(LI10),"",IF(LI8=LI10,5,0)) | LL10: =IF(ISBLANK(LK10),"",IF(LK8=LK10,5,0)) | LN10: =IF(ISBLANK(LM10),"",IF(LM8=LM10,5,0))
A11: 8 | B11: Johanna Pava | C11: =SUM(G11,J11,M11,P11,S11,V11,Y11,AB11,AE11,AH11,AK11,AN11,AQ11,AT11,AW11,AZ11,BC11,BF11,BI11,BL11,BO11,BR11,BU11,BX11,CA11,CD11,CG11,CJ11,CM11,CP11,CS11,CV11,CY11,DB11,DE11,DH11,DK11,DN11,DQ11,DT11,DW11,DZ11,EC11,EF11,EI11,EL11,EO11,ER11,EU11,EX11,FA11,FD11,FG11,FJ11,FM11,FP11,FS11,FV11,FY11,GB11,GE11,GH11,GK11,GN11,GQ11,GT11,GW11,GZ11,HC11,HF11,HI11,HL11,HO11,HR11,HU11,HX11,IA11,ID11,IG11,IJ11,IM11,IP11,IS11,IV11,IY11,JB11,JE11,JH11,JK11,JN11,JQ11,JT11,JW11,JZ11,KC11,KF11,KI11,KL11,KO11,KR11,KU11,KX11,LA11,LD11,LF11,LH11,LJ11,LL11) -> 16 | D11: =VLOOKUP(B11,polla,2,FALSE) -> 2 | E11: 1 | F11: 0 | G11: =IF(OR(ISBLANK(E11),ISBLANK(F11),ISBLANK(E$3)),"",IF(AND(E11=E$3,F$3=F11),3,IF(AND(E$3>F$3,E11>F11),1,IF(AND(E$3<F$3,E11<F11),1,IF(AND(E$3=F$3,E11=F11),1,0))))) -> 1 | H11: 1 | I11: 0 | J11: =IF(OR(ISBLANK(H11),ISBLANK(I11),ISBLANK(H$3)),"",IF(AND(H11=H$3,I$3=I11),3,IF(AND(H$3>I$3,H11>I11),1,IF(AND(H$3<I$3,H11<I11),1,IF(AND(H$3=I$3,H11=I11),1,0))))) -> 1 | K11: 1 | L11: 0 | M11: =IF(OR(ISBLANK(K11),ISBLANK(L11),ISBLANK(K$3)),"",IF(AND(K11=K$3,L$3=L11),3,IF(AND(K$3>L$3,K11>L11),1,IF(AND(K$3<L$3,K11<L11),1,IF(AND(K$3=L$3,K11=L11),1,0))))) -> 0 | N11: 0 | O11: 1 | P11: =IF(OR(ISBLANK(N11),ISBLANK(O11),ISBLANK(N$3)),"",IF(AND(N11=N$3,O$3=O11),3,IF(AND(N$3>O$3,N11>O11),1,IF(AND(N$3<O$3,N11<O11),1,IF(AND(N$3=O$3,N11=O11),1,0))))) -> 0 | Q11: 0 | R11: 1 | S11: =IF(OR(ISBLANK(Q11),ISBLANK(R11),ISBLANK(Q$3)),"",IF(AND(Q11=Q$3,R$3=R11),3,IF(AND(Q$3>R$3,Q11>R11),1,IF(AND(Q$3<R$3,Q11<R11),1,IF(AND(Q$3=R$3,Q11=R11),1,0))))) -> 0 | T11: 2 | U11: 0 | V11: =IF(OR(ISBLANK(T11),ISBLANK(U11),ISBLANK(T$3)),"",IF(AND(T11=T$3,U$3=U11),3,IF(AND(T$3>U$3,T11>U11),1,IF(AND(T$3<U$3,T11<U11),1,IF(AND(T$3=U$3,T11=U11),1,0))))) -> 0 | W11: 0 | X11: 1 | Y11: =IF(OR(ISBLANK(W11),ISBLANK(X11),ISBLANK(W$3)),"",IF(AND(W11=W$3,X$3=X11),3,IF(AND(W$3>X$3,W11>X11),1,IF(AND(W$3<X$3,W11<X11),1,IF(AND(W$3=X$3,W11=X11),1,0))))) -> 3 | Z11: 0 | AA11: 1 | AB11: =IF(OR(ISBLANK(Z11),ISBLANK(AA11),ISBLANK(Z$3)),"",IF(AND(Z11=Z$3,AA$3=AA11),3,IF(AND(Z$3>AA$3,Z11>AA11),1,IF(AND(Z$3<AA$3,Z11<AA11),1,IF(AND(Z$3=AA$3,Z11=AA11),1,0))))) -> 0 | AC11: 5 | AD11: 0 | AE11: =IF(OR(ISBLANK(AC11),ISBLANK(AD11),ISBLANK(AC$3)),"",IF(AND(AC11=AC$3,AD$3=AD11),3,IF(AND(AC$3>AD$3,AC11>AD11),1,IF(AND(AC$3<AD$3,AC11<AD11),1,IF(AND(AC$3=AD$3,AC11=AD11),1,0))))) -> 1 | AF11: 2 | AG11: 0 | AH11: =IF(OR(ISBLANK(AF11),ISBLANK(AG11),ISBLANK(AF$3)),"",IF(AND(AF11=AF$3,AG$3=AG11),3,IF(AND(AF$3>AG$3,AF11>AG11),1,IF(AND(AF$3<AG$3,AF11<AG11),1,IF(AND(AF$3=AG$3,AF11=AG11),1,0))))) -> 0 | AI11: 0 | AJ11: 1 | AK11: =IF(OR(ISBLANK(AI11),ISBLANK(AJ11),ISBLANK(AI$3)),"",IF(AND(AI11=AI$3,AJ$3=AJ11),3,IF(AND(AI$3>AJ$3,AI11>AJ11),1,IF(AND(AI$3<AJ$3,AI11<AJ11),1,IF(AND(AI$3=AJ$3,AI11=AJ11),1,0))))) -> 0 | AL11: 1 | AM11: 0 | AN11: =IF(OR(ISBLANK(AL11),ISBLANK(AM11),ISBLANK(AL$3)),"",IF(AND(AL11=AL$3,AM$3=AM11),3,IF(AND(AL$3>AM$3,AL11>AM11),1,IF(AND(AL$3<AM$3,AL11<AM11),1,IF(AND(AL$3=AM$3,AL11=AM11),1,0))))) -> 1 | AO11: 3 | AP11: 0 | AQ11: =IF(OR(ISBLANK(AO11),ISBLANK(AP11),ISBLANK(AO$3)),"",IF(AND(AO11=AO$3,AP$3=AP11),3,IF(AND(AO$3>AP$3,AO11>AP11),1,IF(AND(AO$3<AP$3,AO11<AP11),1,IF(AND(AO$3=AP$3,AO11=AP11),1,0))))) -> 0 | AR11: 3 | AS11: 0 | AT11: =IF(OR(ISBLANK(AR11),ISBLANK(AS11),ISBLANK(AR$3)),"",IF(AND(AR11=AR$3,AS$3=AS11),3,IF(AND(AR$3>AS$3,AR11>AS11),1,IF(AND(AR$3<AS$3,AR11<AS11),1,IF(AND(AR$3=AS$3,AR11=AS11),1,0))))) -> 0 | AU11: 0 | AV11: 2 | AW11: =IF(OR(ISBLANK(AU11),ISBLANK(AV11),ISBLANK(AU$3)),"",IF(AND(AU11=AU$3,AV$3=AV11),3,IF(AND(AU$3>AV$3,AU11>AV11),1,IF(AND(AU$3<AV$3,AU11<AV11),1,IF(AND(AU$3=AV$3,AU11=AV11),1,0))))) -> 0 | AX11: 0 | AY11: 1 | AZ11: =IF(OR(ISBLANK(AX11),ISBLANK(AY11),ISBLANK(AX$3)),"",IF(AND(AX11=AX$3,AY$3=AY11),3,IF(AND(AX$3>AY$3,AX11>AY11),1,IF(AND(AX$3<AY$3,AX11<AY11),1,IF(AND(AX$3=AY$3,AX11=AY11),1,0))))) -> 0 | BA11: 3 | BB11: 0 | BC11: =IF(OR(ISBLANK(BA11),ISBLANK(BB11),ISBLANK(BA$3)),"",IF(AND(BA11=BA$3,BB$3=BB11),3,IF(AND(BA$3>BB$3,BA11>BB11),1,IF(AND(BA$3<BB$3,BA11<BB11),1,IF(AND(BA$3=BB$3,BA11=BB11),1,0))))) -> 1 | BD11: 0 | BE11: 1 | BF11: =IF(OR(ISBLANK(BD11),ISBLANK(BE11),ISBLANK(BD$3)),"",IF(AND(BD11=BD$3,BE$3=BE11),3,IF(AND(BD$3>BE$3,BD11>BE11),1,IF(AND(BD$3<BE$3,BD11<BE11),1,IF(AND(BD$3=BE$3,BD11=BE11),1,0))))) -> 1 | BG11: 2 | BH11: 0 | BI11: =IF(OR(ISBLANK(BG11),ISBLANK(BH11),ISBLANK(BG$3)),"",IF(AND(BG11=BG$3,BH$3=BH11),3,IF(AND(BG$3>BH$3,BG11>BH11),1,IF(AND(BG$3<BH$3,BG11<BH11),1,IF(AND(BG$3=BH$3,BG11=BH11),1,0))))) -> 1 | BJ11: 1 | BK11: 0 | BL11: =IF(OR(ISBLANK(BJ11),ISBLANK(BK11),ISBLANK(BJ$3)),"",IF(AND(BJ11=BJ$3,BK$3=BK11),3,IF(AND(BJ$3>BK$3,BJ11>BK11),1,IF(AND(BJ$3<BK$3,BJ11<BK11),1,IF(AND(BJ$3=BK$3,BJ11=BK11),1,0))))) -> 1 | BM11: 3 | BN11: 0 | BO11: =IF(OR(ISBLANK(BM11),ISBLANK(BN11),ISBLANK(BM$3)),"",IF(AND(BM11=BM$3,BN$3=BN11),3,IF(AND(BM$3>BN$3,BM11>BN11),1,IF(AND(BM$3<BN$3,BM11<BN11),1,IF(AND(BM$3=BN$3,BM11=BN11),1,0))))) -> 0 | BP11: 1 | BQ11: 0 | BR11: =IF(OR(ISBLANK(BP11),ISBLANK(BQ11),ISBLANK(BP$3)),"",IF(AND(BP11=BP$3,BQ$3=BQ11),3,IF(AND(BP$3>BQ$3,BP11>BQ11),1,IF(AND(BP$3<BQ$3,BP11<BQ11),1,IF(AND(BP$3=BQ$3,BP11=BQ11),1,0))))) -> 1 | BS11: 1 | BT11: 0 | BU11: =IF(OR(ISBLANK(BS11),ISBLANK(BT11),ISBLANK(BS$3)),"",IF(AND(BS11=BS$3,BT$3=BT11),3,IF(AND(BS$3>BT$3,BS11>BT11),1,IF(AND(BS$3<BT$3,BS11<BT11),1,IF(AND(BS$3=BT$3,BS11=BT11),1,0))))) -> 3 | BV11: 0 | BW11: 1 | BX11: =IF(OR(ISBLANK(BV11),ISBLANK(BW11),ISBLANK(BV$3)),"",IF(AND(BV11=BV$3,BW$3=BW11),3,IF(AND(BV$3>BW$3,BV11>BW11),1,IF(AND(BV$3<BW$3,BV11<BW11),1,IF(AND(BV$3=BW$3,BV11=BW11),1,0))))) -> 1 | BY11: 0 | BZ11: 1 | CA11: =IF(OR(ISBLANK(BY11),ISBLANK(BZ11),ISBLANK(BY$3)),"",IF(AND(BY11=BY$3,BZ$3=BZ11),3,IF(AND(BY$3>BZ$3,BY11>BZ11),1,IF(AND(BY$3<BZ$3,BY11<BZ11),1,IF(AND(BY$3=BZ$3,BY11=BZ11),1,0))))) | CB11: 0 | CC11: 1 | CD11: =IF(OR(ISBLANK(CB11),ISBLANK(CC11),ISBLANK(CB$3)),"",IF(AND(CB11=CB$3,CC$3=CC11),3,IF(AND(CB$3>CC$3,CB11>CC11),1,IF(AND(CB$3<CC$3,CB11<CC11),1,IF(AND(CB$3=CC$3,CB11=CC11),1,0))))) | CE11: 1 | CF11: 0 | CG11: =IF(OR(ISBLANK(CE11),ISBLANK(CF11),ISBLANK(CE$3)),"",IF(AND(CE11=CE$3,CF$3=CF11),3,IF(AND(CE$3>CF$3,CE11>CF11),1,IF(AND(CE$3<CF$3,CE11<CF11),1,IF(AND(CE$3=CF$3,CE11=CF11),1,0))))) | CH11: 0 | CI11: 1 | CJ11: =IF(OR(ISBLANK(CH11),ISBLANK(CI11),ISBLANK(CH$3)),"",IF(AND(CH11=CH$3,CI$3=CI11),3,IF(AND(CH$3>CI$3,CH11>CI11),1,IF(AND(CH$3<CI$3,CH11<CI11),1,IF(AND(CH$3=CI$3,CH11=CI11),1,0))))) | CK11: 1 | CL11: 0 | CM11: =IF(OR(ISBLANK(CK11),ISBLANK(CL11),ISBLANK(CK$3)),"",IF(AND(CK11=CK$3,CL$3=CL11),3,IF(AND(CK$3>CL$3,CK11>CL11),1,IF(AND(CK$3<CL$3,CK11<CL11),1,IF(AND(CK$3=CL$3,CK11=CL11),1,0))))) | CN11: 0 | CO11: 1 | CP11: =IF(OR(ISBLANK(CN11),ISBLANK(CO11),ISBLANK(CN$3)),"",IF(AND(CN11=CN$3,CO$3=CO11),3,IF(AND(CN$3>CO$3,CN11>CO11),1,IF(AND(CN$3<CO$3,CN11<CO11),1,IF(AND(CN$3=CO$3,CN11=CO11),1,0))))) | CQ11: 2 | CR11: 0 | CS11: =IF(OR(ISBLANK(CQ11),ISBLANK(CR11),ISBLANK(CQ$3)),"",IF(AND(CQ11=CQ$3,CR$3=CR11),3,IF(AND(CQ$3>CR$3,CQ11>CR11),1,IF(AND(CQ$3<CR$3,CQ11<CR11),1,IF(AND(CQ$3=CR$3,CQ11=CR11),1,0))))) | CT11: 1 | CU11: 0 | CV11: =IF(OR(ISBLANK(CT11),ISBLANK(CU11),ISBLANK(CT$3)),"",IF(AND(CT11=CT$3,CU$3=CU11),3,IF(AND(CT$3>CU$3,CT11>CU11),1,IF(AND(CT$3<CU$3,CT11<CU11),1,IF(AND(CT$3=CU$3,CT11=CU11),1,0))))) | CW11: 1 | CX11: 0 | CY11: =IF(OR(ISBLANK(CW11),ISBLANK(CX11),ISBLANK(CW$3)),"",IF(AND(CW11=CW$3,CX$3=CX11),3,IF(AND(CW$3>CX$3,CW11>CX11),1,IF(AND(CW$3<CX$3,CW11<CX11),1,IF(AND(CW$3=CX$3,CW11=CX11),1,0))))) | CZ11: 1 | DA11: 0 | DB11: =IF(OR(ISBLANK(CZ11),ISBLANK(DA11),ISBLANK(CZ$3)),"",IF(AND(CZ11=CZ$3,DA$3=DA11),3,IF(AND(CZ$3>DA$3,CZ11>DA11),1,IF(AND(CZ$3<DA$3,CZ11<DA11),1,IF(AND(CZ$3=DA$3,CZ11=DA11),1,0))))) | DC11: 4 | DD11: 0 | DE11: =IF(OR(ISBLANK(DC11),ISBLANK(DD11),ISBLANK(DC$3)),"",IF(AND(DC11=DC$3,DD$3=DD11),3,IF(AND(DC$3>DD$3,DC11>DD11),1,IF(AND(DC$3<DD$3,DC11<DD11),1,IF(AND(DC$3=DD$3,DC11=DD11),1,0))))) | DF11: 0 | DG11: 1 | DH11: =IF(OR(ISBLANK(DF11),ISBLANK(DG11),ISBLANK(DF$3)),"",IF(AND(DF11=DF$3,DG$3=DG11),3,IF(AND(DF$3>DG$3,DF11>DG11),1,IF(AND(DF$3<DG$3,DF11<DG11),1,IF(AND(DF$3=DG$3,DF11=DG11),1,0))))) | DI11: 1 | DJ11: 0 | DK11: =IF(OR(ISBLANK(DI11),ISBLANK(DJ11),ISBLANK(DI$3)),"",IF(AND(DI11=DI$3,DJ$3=DJ11),3,IF(AND(DI$3>DJ$3,DI11>DJ11),1,IF(AND(DI$3<DJ$3,DI11<DJ11),1,IF(AND(DI$3=DJ$3,DI11=DJ11),1,0))))) | DL11: 1 | DM11: 0 | DN11: =IF(OR(ISBLANK(DL11),ISBLANK(DM11),ISBLANK(DL$3)),"",IF(AND(DL11=DL$3,DM$3=DM11),3,IF(AND(DL$3>DM$3,DL11>DM11),1,IF(AND(DL$3<DM$3,DL11<DM11),1,IF(AND(DL$3=DM$3,DL11=DM11),1,0))))) | DO11: 1 | DP11: 0 | DQ11: =IF(OR(ISBLANK(DO11),ISBLANK(DP11),ISBLANK(DO$3)),"",IF(AND(DO11=DO$3,DP$3=DP11),3,IF(AND(DO$3>DP$3,DO11>DP11),1,IF(AND(DO$3<DP$3,DO11<DP11),1,IF(AND(DO$3=DP$3,DO11=DP11),1,0))))) | DR11: 0 | DS11: 1 | DT11: =IF(OR(ISBLANK(DR11),ISBLANK(DS11),ISBLANK(DR$3)),"",IF(AND(DR11=DR$3,DS$3=DS11),3,IF(AND(DR$3>DS$3,DR11>DS11),1,IF(AND(DR$3<DS$3,DR11<DS11),1,IF(AND(DR$3=DS$3,DR11=DS11),1,0))))) | DU11: 3 | DV11: 0 | DW11: =IF(OR(ISBLANK(DU11),ISBLANK(DV11),ISBLANK(DU$3)),"",IF(AND(DU11=DU$3,DV$3=DV11),3,IF(AND(DU$3>DV$3,DU11>DV11),1,IF(AND(DU$3<DV$3,DU11<DV11),1,IF(AND(DU$3=DV$3,DU11=DV11),1,0))))) | DX11: 3 | DY11: 0 | DZ11: =IF(OR(ISBLANK(DX11),ISBLANK(DY11),ISBLANK(DX$3)),"",IF(AND(DX11=DX$3,DY$3=DY11),3,IF(AND(DX$3>DY$3,DX11>DY11),1,IF(AND(DX$3<DY$3,DX11<DY11),1,IF(AND(DX$3=DY$3,DX11=DY11),1,0))))) | EA11: 1 | EB11: 1 | EC11: =IF(OR(ISBLANK(EA11),ISBLANK(EB11),ISBLANK(EA$3)),"",IF(AND(EA11=EA$3,EB$3=EB11),3,IF(AND(EA$3>EB$3,EA11>EB11),1,IF(AND(EA$3<EB$3,EA11<EB11),1,IF(AND(EA$3=EB$3,EA11=EB11),1,0))))) | ED11: 0 | EE11: 1 | EF11: =IF(OR(ISBLANK(ED11),ISBLANK(EE11),ISBLANK(ED$3)),"",IF(AND(ED11=ED$3,EE$3=EE11),3,IF(AND(ED$3>EE$3,ED11>EE11),1,IF(AND(ED$3<EE$3,ED11<EE11),1,IF(AND(ED$3=EE$3,ED11=EE11),1,0))))) | EG11: 3 | EH11: 0 | EI11: =IF(OR(ISBLANK(EG11),ISBLANK(EH11),ISBLANK(EG$3)),"",IF(AND(EG11=EG$3,EH$3=EH11),3,IF(AND(EG$3>EH$3,EG11>EH11),1,IF(AND(EG$3<EH$3,EG11<EH11),1,IF(AND(EG$3=EH$3,EG11=EH11),1,0))))) | EJ11: 3 | EK11: 0 | EL11: =IF(OR(ISBLANK(EJ11),ISBLANK(EK11),ISBLANK(EJ$3)),"",IF(AND(EJ11=EJ$3,EK$3=EK11),3,IF(AND(EJ$3>EK$3,EJ11>EK11),1,IF(AND(EJ$3<EK$3,EJ11<EK11),1,IF(AND(EJ$3=EK$3,EJ11=EK11),1,0))))) | EM11: 0 | EN11: 3 | EO11: =IF(OR(ISBLANK(EM11),ISBLANK(EN11),ISBLANK(EM$3)),"",IF(AND(EM11=EM$3,EN$3=EN11),3,IF(AND(EM$3>EN$3,EM11>EN11),1,IF(AND(EM$3<EN$3,EM11<EN11),1,IF(AND(EM$3=EN$3,EM11=EN11),1,0))))) | EP11: 1 | EQ11: 0 | ER11: =IF(OR(ISBLANK(EP11),ISBLANK(EQ11),ISBLANK(EP$3)),"",IF(AND(EP11=EP$3,EQ$3=EQ11),3,IF(AND(EP$3>EQ$3,EP11>EQ11),1,IF(AND(EP$3<EQ$3,EP11<EQ11),1,IF(AND(EP$3=EQ$3,EP11=EQ11),1,0))))) | EU11: =IF(OR(ISBLANK(ES11),ISBLANK(ET11),ISBLANK(ES$3)),"",IF(AND(ES11=ES$3,ET$3=ET11),3,IF(AND(ES$3>ET$3,ES11>ET11),1,IF(AND(ES$3<ET$3,ES11<ET11),1,IF(AND(ES$3=ET$3,ES11=ET11),1,0))))) | EX11: =IF(OR(ISBLANK(EV11),ISBLANK(EW11),ISBLANK(EV$3)),"",IF(AND(EV11=EV$3,EW$3=EW11),3,IF(AND(EV$3>EW$3,EV11>EW11),1,IF(AND(EV$3<EW$3,EV11<EW11),1,IF(AND(EV$3=EW$3,EV11=EW11),1,0))))) | FA11: =IF(OR(ISBLANK(EY11),ISBLANK(EZ11),ISBLANK(EY$3)),"",IF(AND(EY11=EY$3,EZ$3=EZ11),3,IF(AND(EY$3>EZ$3,EY11>EZ11),1,IF(AND(EY$3<EZ$3,EY11<EZ11),1,IF(AND(EY$3=EZ$3,EY11=EZ11),1,0))))) | FD11: =IF(OR(ISBLANK(FB11),ISBLANK(FC11),ISBLANK(FB$3)),"",IF(AND(FB11=FB$3,FC$3=FC11),3,IF(AND(FB$3>FC$3,FB11>FC11),1,IF(AND(FB$3<FC$3,FB11<FC11),1,IF(AND(FB$3=FC$3,FB11=FC11),1,0))))) | FG11: =IF(OR(ISBLANK(FE11),ISBLANK(FF11),ISBLANK(FE$3)),"",IF(AND(FE11=FE$3,FF$3=FF11),3,IF(AND(FE$3>FF$3,FE11>FF11),1,IF(AND(FE$3<FF$3,FE11<FF11),1,IF(AND(FE$3=FF$3,FE11=FF11),1,0))))) | FJ11: =IF(OR(ISBLANK(FH11),ISBLANK(FI11),ISBLANK(FH$3)),"",IF(AND(FH11=FH$3,FI$3=FI11),3,IF(AND(FH$3>FI$3,FH11>FI11),1,IF(AND(FH$3<FI$3,FH11<FI11),1,IF(AND(FH$3=FI$3,FH11=FI11),1,0))))) | FM11: =IF(OR(ISBLANK(FK11),ISBLANK(FL11),ISBLANK(FK$3)),"",IF(AND(FK11=FK$3,FL$3=FL11),3,IF(AND(FK$3>FL$3,FK11>FL11),1,IF(AND(FK$3<FL$3,FK11<FL11),1,IF(AND(FK$3=FL$3,FK11=FL11),1,0))))) | FP11: =IF(OR(ISBLANK(FN11),ISBLANK(FO11),ISBLANK(FN$3)),"",IF(AND(FN11=FN$3,FO$3=FO11),3,IF(AND(FN$3>FO$3,FN11>FO11),1,IF(AND(FN$3<FO$3,FN11<FO11),1,IF(AND(FN$3=FO$3,FN11=FO11),1,0))))) | FS11: =IF(OR(ISBLANK(FQ11),ISBLANK(FR11),ISBLANK(FQ$3)),"",IF(AND(FQ11=FQ$3,FR$3=FR11),3,IF(AND(FQ$3>FR$3,FQ11>FR11),1,IF(AND(FQ$3<FR$3,FQ11<FR11),1,IF(AND(FQ$3=FR$3,FQ11=FR11),1,0))))) | FV11: =IF(OR(ISBLANK(FT11),ISBLANK(FU11),ISBLANK(FT$3)),"",IF(AND(FT11=FT$3,FU$3=FU11),3,IF(AND(FT$3>FU$3,FT11>FU11),1,IF(AND(FT$3<FU$3,FT11<FU11),1,IF(AND(FT$3=FU$3,FT11=FU11),1,0))))) | FY11: =IF(OR(ISBLANK(FW11),ISBLANK(FX11),ISBLANK(FW$3)),"",IF(AND(FW11=FW$3,FX$3=FX11),3,IF(AND(FW$3>FX$3,FW11>FX11),1,IF(AND(FW$3<FX$3,FW11<FX11),1,IF(AND(FW$3=FX$3,FW11=FX11),1,0))))) | GB11: =IF(OR(ISBLANK(FZ11),ISBLANK(GA11),ISBLANK(FZ$3)),"",IF(AND(FZ11=FZ$3,GA$3=GA11),3,IF(AND(FZ$3>GA$3,FZ11>GA11),1,IF(AND(FZ$3<GA$3,FZ11<GA11),1,IF(AND(FZ$3=GA$3,FZ11=GA11),1,0))))) | GE11: =IF(OR(ISBLANK(GC11),ISBLANK(GD11),ISBLANK(GC$3)),"",IF(AND(GC11=GC$3,GD$3=GD11),3,IF(AND(GC$3>GD$3,GC11>GD11),1,IF(AND(GC$3<GD$3,GC11<GD11),1,IF(AND(GC$3=GD$3,GC11=GD11),1,0))))) | GH11: =IF(OR(ISBLANK(GF11),ISBLANK(GG11),ISBLANK(GF$3)),"",IF(AND(GF11=GF$3,GG$3=GG11),3,IF(AND(GF$3>GG$3,GF11>GG11),1,IF(AND(GF$3<GG$3,GF11<GG11),1,IF(AND(GF$3=GG$3,GF11=GG11),1,0))))) | GK11: =IF(OR(ISBLANK(GI11),ISBLANK(GJ11),ISBLANK(GI$3)),"",IF(AND(GI11=GI$3,GJ$3=GJ11),3,IF(AND(GI$3>GJ$3,GI11>GJ11),1,IF(AND(GI$3<GJ$3,GI11<GJ11),1,IF(AND(GI$3=GJ$3,GI11=GJ11),1,0))))) | GN11: =IF(OR(ISBLANK(GL11),ISBLANK(GM11),ISBLANK(GL$3)),"",IF(AND(GL11=GL$3,GM$3=GM11),3,IF(AND(GL$3>GM$3,GL11>GM11),1,IF(AND(GL$3<GM$3,GL11<GM11),1,IF(AND(GL$3=GM$3,GL11=GM11),1,0))))) | GQ11: =IF(OR(ISBLANK(GO11),ISBLANK(GP11),ISBLANK(GO$3)),"",IF(AND(GO11=GO$3,GP$3=GP11),3,IF(AND(GO$3>GP$3,GO11>GP11),1,IF(AND(GO$3<GP$3,GO11<GP11),1,IF(AND(GO$3=GP$3,GO11=GP11),1,0))))) | GT11: =IF(OR(ISBLANK(GR11),ISBLANK(GS11),ISBLANK(GR$3)),"",IF(AND(GR11=GR$3,GS$3=GS11),3,IF(AND(GR$3>GS$3,GR11>GS11),1,IF(AND(GR$3<GS$3,GR11<GS11),1,IF(AND(GR$3=GS$3,GR11=GS11),1,0))))) | GW11: =IF(OR(ISBLANK(GU11),ISBLANK(GV11),ISBLANK(GU$3)),"",IF(AND(GU11=GU$3,GV$3=GV11),3,IF(AND(GU$3>GV$3,GU11>GV11),1,IF(AND(GU$3<GV$3,GU11<GV11),1,IF(AND(GU$3=GV$3,GU11=GV11),1,0))))) | GZ11: =IF(OR(ISBLANK(GX11),ISBLANK(GY11),ISBLANK(GX$3)),"",IF(AND(GX11=GX$3,GY$3=GY11),3,IF(AND(GX$3>GY$3,GX11>GY11),1,IF(AND(GX$3<GY$3,GX11<GY11),1,IF(AND(GX$3=GY$3,GX11=GY11),1,0))))) | HC11: =IF(OR(ISBLANK(HA11),ISBLANK(HB11),ISBLANK(HA$3)),"",IF(AND(HA11=HA$3,HB$3=HB11),3,IF(AND(HA$3>HB$3,HA11>HB11),1,IF(AND(HA$3<HB$3,HA11<HB11),1,IF(AND(HA$3=HB$3,HA11=HB11),1,0))))) | HF11: =IF(OR(ISBLANK(HD11),ISBLANK(HE11),ISBLANK(HD$3)),"",IF(AND(HD11=HD$3,HE$3=HE11),3,IF(AND(HD$3>HE$3,HD11>HE11),1,IF(AND(HD$3<HE$3,HD11<HE11),1,IF(AND(HD$3=HE$3,HD11=HE11),1,0))))) | HI11: =IF(OR(ISBLANK(HG11),ISBLANK(HH11),ISBLANK(HG$3)),"",IF(AND(HG11=HG$3,HH$3=HH11),3,IF(AND(HG$3>HH$3,HG11>HH11),1,IF(AND(HG$3<HH$3,HG11<HH11),1,IF(AND(HG$3=HH$3,HG11=HH11),1,0))))) | HL11: =IF(OR(ISBLANK(HJ11),ISBLANK(HK11),ISBLANK(HJ$3)),"",IF(AND(HJ11=HJ$3,HK$3=HK11),3,IF(AND(HJ$3>HK$3,HJ11>HK11),1,IF(AND(HJ$3<HK$3,HJ11<HK11),1,IF(AND(HJ$3=HK$3,HJ11=HK11),1,0))))) | HO11: =IF(OR(ISBLANK(HM11),ISBLANK(HN11),ISBLANK(HM$3)),"",IF(AND(HM11=HM$3,HN$3=HN11),3,IF(AND(HM$3>HN$3,HM11>HN11),1,IF(AND(HM$3<HN$3,HM11<HN11),1,IF(AND(HM$3=HN$3,HM11=HN11),1,0))))) | HR11: =IF(OR(ISBLANK(HP11),ISBLANK(HQ11),ISBLANK(HP$3)),"",IF(AND(HP11=HP$3,HQ$3=HQ11),3,IF(AND(HP$3>HQ$3,HP11>HQ11),1,IF(AND(HP$3<HQ$3,HP11<HQ11),1,IF(AND(HP$3=HQ$3,HP11=HQ11),1,0))))) | HU11: =IF(OR(ISBLANK(HS11),ISBLANK(HT11),ISBLANK(HS$3)),"",IF(AND(HS11=HS$3,HT$3=HT11),3,IF(AND(HS$3>HT$3,HS11>HT11),1,IF(AND(HS$3<HT$3,HS11<HT11),1,IF(AND(HS$3=HT$3,HS11=HT11),1,0))))) | HX11: =IF(OR(ISBLANK(HV11),ISBLANK(HW11),ISBLANK(HV$3)),"",IF(AND(HV11=HV$3,HW$3=HW11),3,IF(AND(HV$3>HW$3,HV11>HW11),1,IF(AND(HV$3<HW$3,HV11<HW11),1,IF(AND(HV$3=HW$3,HV11=HW11),1,0))))) | IA11: =IF(OR(ISBLANK(HY11),ISBLANK(HZ11),ISBLANK(HY$3)),"",IF(AND(HY11=HY$3,HZ$3=HZ11),3,IF(AND(HY$3>HZ$3,HY11>HZ11),1,IF(AND(HY$3<HZ$3,HY11<HZ11),1,IF(AND(HY$3=HZ$3,HY11=HZ11),1,0))))) | ID11: =IF(OR(ISBLANK(IB11),ISBLANK(IC11),ISBLANK(IB$3)),"",IF(AND(IB11=IB$3,IC$3=IC11),3,IF(AND(IB$3>IC$3,IB11>IC11),1,IF(AND(IB$3<IC$3,IB11<IC11),1,IF(AND(IB$3=IC$3,IB11=IC11),1,0))))) | IG11: =IF(OR(ISBLANK(IE11),ISBLANK(IF11),ISBLANK(IE$3)),"",IF(AND(IE11=IE$3,IF$3=IF11),3,IF(AND(IE$3>IF$3,IE11>IF11),1,IF(AND(IE$3<IF$3,IE11<IF11),1,IF(AND(IE$3=IF$3,IE11=IF11),1,0))))) | IJ11: =IF(OR(ISBLANK(IH11),ISBLANK(II11),ISBLANK(IH$3)),"",IF(AND(IH11=IH$3,II$3=II11),3,IF(AND(IH$3>II$3,IH11>II11),1,IF(AND(IH$3<II$3,IH11<II11),1,IF(AND(IH$3=II$3,IH11=II11),1,0))))) | IM11: =IF(OR(ISBLANK(IK11),ISBLANK(IL11),ISBLANK(IK$3)),"",IF(AND(IK11=IK$3,IL$3=IL11),3,IF(AND(IK$3>IL$3,IK11>IL11),1,IF(AND(IK$3<IL$3,IK11<IL11),1,IF(AND(IK$3=IL$3,IK11=IL11),1,0))))) | IP11: =IF(OR(ISBLANK(IN11),ISBLANK(IO11),ISBLANK(IN$3)),"",IF(AND(IN11=IN$3,IO$3=IO11),3,IF(AND(IN$3>IO$3,IN11>IO11),1,IF(AND(IN$3<IO$3,IN11<IO11),1,IF(AND(IN$3=IO$3,IN11=IO11),1,0))))) | IS11: =IF(OR(ISBLANK(IQ11),ISBLANK(IR11),ISBLANK(IQ$3)),"",IF(AND(IQ11=IQ$3,IR$3=IR11),3,IF(AND(IQ$3>IR$3,IQ11>IR11),1,IF(AND(IQ$3<IR$3,IQ11<IR11),1,IF(AND(IQ$3=IR$3,IQ11=IR11),1,0))))) | IV11: =IF(OR(ISBLANK(IT11),ISBLANK(IU11),ISBLANK(IT$3)),"",IF(AND(IT11=IT$3,IU$3=IU11),3,IF(AND(IT$3>IU$3,IT11>IU11),1,IF(AND(IT$3<IU$3,IT11<IU11),1,IF(AND(IT$3=IU$3,IT11=IU11),1,0))))) | IY11: =IF(OR(ISBLANK(IW11),ISBLANK(IX11),ISBLANK(IW$3)),"",IF(AND(IW11=IW$3,IX$3=IX11),3,IF(AND(IW$3>IX$3,IW11>IX11),1,IF(AND(IW$3<IX$3,IW11<IX11),1,IF(AND(IW$3=IX$3,IW11=IX11),1,0))))) | JB11: =IF(OR(ISBLANK(IZ11),ISBLANK(JA11),ISBLANK(IZ$3)),"",IF(AND(IZ11=IZ$3,JA$3=JA11),3,IF(AND(IZ$3>JA$3,IZ11>JA11),1,IF(AND(IZ$3<JA$3,IZ11<JA11),1,IF(AND(IZ$3=JA$3,IZ11=JA11),1,0))))) | JE11: =IF(OR(ISBLANK(JC11),ISBLANK(JD11),ISBLANK(JC$3)),"",IF(AND(JC11=JC$3,JD$3=JD11),3,IF(AND(JC$3>JD$3,JC11>JD11),1,IF(AND(JC$3<JD$3,JC11<JD11),1,IF(AND(JC$3=JD$3,JC11=JD11),1,0))))) | JH11: =IF(OR(ISBLANK(JF11),ISBLANK(JG11),ISBLANK(JF$3)),"",IF(AND(JF11=JF$3,JG$3=JG11),3,IF(AND(JF$3>JG$3,JF11>JG11),1,IF(AND(JF$3<JG$3,JF11<JG11),1,IF(AND(JF$3=JG$3,JF11=JG11),1,0))))) | JK11: =IF(OR(ISBLANK(JI11),ISBLANK(JJ11),ISBLANK(JI$3)),"",IF(AND(JI11=JI$3,JJ$3=JJ11),3,IF(AND(JI$3>JJ$3,JI11>JJ11),1,IF(AND(JI$3<JJ$3,JI11<JJ11),1,IF(AND(JI$3=JJ$3,JI11=JJ11),1,0))))) | JN11: =IF(OR(ISBLANK(JL11),ISBLANK(JM11),ISBLANK(JL$3)),"",IF(AND(JL11=JL$3,JM$3=JM11),3,IF(AND(JL$3>JM$3,JL11>JM11),1,IF(AND(JL$3<JM$3,JL11<JM11),1,IF(AND(JL$3=JM$3,JL11=JM11),1,0))))) | JQ11: =IF(OR(ISBLANK(JO11),ISBLANK(JP11),ISBLANK(JO$3)),"",IF(AND(JO11=JO$3,JP$3=JP11),3,IF(AND(JO$3>JP$3,JO11>JP11),1,IF(AND(JO$3<JP$3,JO11<JP11),1,IF(AND(JO$3=JP$3,JO11=JP11),1,0))))) | JT11: =IF(OR(ISBLANK(JR11),ISBLANK(JS11),ISBLANK(JR$3)),"",IF(AND(JR11=JR$3,JS$3=JS11),3,IF(AND(JR$3>JS$3,JR11>JS11),1,IF(AND(JR$3<JS$3,JR11<JS11),1,IF(AND(JR$3=JS$3,JR11=JS11),1,0))))) | JW11: =IF(OR(ISBLANK(JU11),ISBLANK(JV11),ISBLANK(JU$3)),"",IF(AND(JU11=JU$3,JV$3=JV11),3,IF(AND(JU$3>JV$3,JU11>JV11),1,IF(AND(JU$3<JV$3,JU11<JV11),1,IF(AND(JU$3=JV$3,JU11=JV11),1,0))))) | JZ11: =IF(OR(ISBLANK(JX11),ISBLANK(JY11),ISBLANK(JX$3)),"",IF(AND(JX11=JX$3,JY$3=JY11),3,IF(AND(JX$3>JY$3,JX11>JY11),1,IF(AND(JX$3<JY$3,JX11<JY11),1,IF(AND(JX$3=JY$3,JX11=JY11),1,0))))) | KC11: =IF(OR(ISBLANK(KA11),ISBLANK(KB11),ISBLANK(KA$3)),"",IF(AND(KA11=KA$3,KB$3=KB11),3,IF(AND(KA$3>KB$3,KA11>KB11),1,IF(AND(KA$3<KB$3,KA11<KB11),1,IF(AND(KA$3=KB$3,KA11=KB11),1,0))))) | KF11: =IF(OR(ISBLANK(KD11),ISBLANK(KE11),ISBLANK(KD$3)),"",IF(AND(KD11=KD$3,KE$3=KE11),3,IF(AND(KD$3>KE$3,KD11>KE11),1,IF(AND(KD$3<KE$3,KD11<KE11),1,IF(AND(KD$3=KE$3,KD11=KE11),1,0))))) | KI11: =IF(OR(ISBLANK(KG11),ISBLANK(KH11),ISBLANK(KG$3)),"",IF(AND(KG11=KG$3,KH$3=KH11),5,IF(AND(KG$3>KH$3,KG11>KH11),1,IF(AND(KG$3<KH$3,KG11<KH11),1,IF(AND(KG$3=KH$3,KG11=KH11),1,0))))) | KL11: =IF(OR(ISBLANK(KJ11),ISBLANK(KK11),ISBLANK(KJ$3)),"",IF(AND(KJ11=KJ$3,KK$3=KK11),5,IF(AND(KJ$3>KK$3,KJ11>KK11),1,IF(AND(KJ$3<KK$3,KJ11<KK11),1,IF(AND(KJ$3=KK$3,KJ11=KK11),1,0))))) | KO11: =IF(OR(ISBLANK(KM11),ISBLANK(KN11),ISBLANK(KM$3)),"",IF(AND(KM11=KM$3,KN$3=KN11),5,IF(AND(KM$3>KN$3,KM11>KN11),1,IF(AND(KM$3<KN$3,KM11<KN11),1,IF(AND(KM$3=KN$3,KM11=KN11),1,0))))) | KR11: =IF(OR(ISBLANK(KP11),ISBLANK(KQ11),ISBLANK(KP$3)),"",IF(AND(KP11=KP$3,KQ$3=KQ11),5,IF(AND(KP$3>KQ$3,KP11>KQ11),1,IF(AND(KP$3<KQ$3,KP11<KQ11),1,IF(AND(KP$3=KQ$3,KP11=KQ11),1,0))))) | KU11: =IF(OR(ISBLANK(KS11),ISBLANK(KT11),ISBLANK(KS$3)),"",IF(AND(KS11=KS$3,KT$3=KT11),5,IF(AND(KS$3>KT$3,KS11>KT11),1,IF(AND(KS$3<KT$3,KS11<KT11),1,IF(AND(KS$3=KT$3,KS11=KT11),1,0))))) | KX11: =IF(OR(ISBLANK(KV11),ISBLANK(KW11),ISBLANK(KV$3)),"",IF(AND(KV11=KV$3,KW$3=KW11),5,IF(AND(KV$3>KW$3,KV11>KW11),1,IF(AND(KV$3<KW$3,KV11<KW11),1,IF(AND(KV$3=KW$3,KV11=KW11),1,0))))) | LA11: =IF(OR(ISBLANK(KY11),ISBLANK(KZ11),ISBLANK(KY$3)),"",IF(AND(KY11=KY$3,KZ$3=KZ11),5,IF(AND(KY$3>KZ$3,KY11>KZ11),1,IF(AND(KY$3<KZ$3,KY11<KZ11),1,IF(AND(KY$3=KZ$3,KY11=KZ11),1,0))))) | LD11: =IF(OR(ISBLANK(LB11),ISBLANK(LC11),ISBLANK(LB$3)),"",IF(AND(LB11=LB$3,LC$3=LC11),5,IF(AND(LB$3>LC$3,LB11>LC11),1,IF(AND(LB$3<LC$3,LB11<LC11),1,IF(AND(LB$3=LC$3,LB11=LC11),1,0))))) | LF11: =IF(ISBLANK(LE11),"",IF(LE9=LE11,5,0)) | LH11: =IF(ISBLANK(LG11),"",IF(LG9=LG11,5,0)) | LJ11: =IF(ISBLANK(LI11),"",IF(LI9=LI11,5,0)) | LL11: =IF(ISBLANK(LK11),"",IF(LK9=LK11,5,0)) | LN11: =IF(ISBLANK(LM11),"",IF(LM9=LM11,5,0))
A12: 9 | B12: DIANA CARMONA | C12: =SUM(G12,J12,M12,P12,S12,V12,Y12,AB12,AE12,AH12,AK12,AN12,AQ12,AT12,AW12,AZ12,BC12,BF12,BI12,BL12,BO12,BR12,BU12,BX12,CA12,CD12,CG12,CJ12,CM12,CP12,CS12,CV12,CY12,DB12,DE12,DH12,DK12,DN12,DQ12,DT12,DW12,DZ12,EC12,EF12,EI12,EL12,EO12,ER12,EU12,EX12,FA12,FD12,FG12,FJ12,FM12,FP12,FS12,FV12,FY12,GB12,GE12,GH12,GK12,GN12,GQ12,GT12,GW12,GZ12,HC12,HF12,HI12,HL12,HO12,HR12,HU12,HX12,IA12,ID12,IG12,IJ12,IM12,IP12,IS12,IV12,IY12,JB12,JE12,JH12,JK12,JN12,JQ12,JT12,JW12,JZ12,KC12,KF12,KI12,KL12,KO12,KR12,KU12,KX12,LA12,LD12,LF12,LH12,LJ12,LL12) -> 15 | D12: =VLOOKUP(B12,polla,2,FALSE) -> 2 | E12: 2 | F12: 0 | G12: =IF(OR(ISBLANK(E12),ISBLANK(F12),ISBLANK(E$3)),"",IF(AND(E12=E$3,F$3=F12),3,IF(AND(E$3>F$3,E12>F12),1,IF(AND(E$3<F$3,E12<F12),1,IF(AND(E$3=F$3,E12=F12),1,0))))) -> 3 | H12: 1 | I12: 0 | J12: =IF(OR(ISBLANK(H12),ISBLANK(I12),ISBLANK(H$3)),"",IF(AND(H12=H$3,I$3=I12),3,IF(AND(H$3>I$3,H12>I12),1,IF(AND(H$3<I$3,H12<I12),1,IF(AND(H$3=I$3,H12=I12),1,0))))) -> 1 | K12: 2 | L12: 1 | M12: =IF(OR(ISBLANK(K12),ISBLANK(L12),ISBLANK(K$3)),"",IF(AND(K12=K$3,L$3=L12),3,IF(AND(K$3>L$3,K12>L12),1,IF(AND(K$3<L$3,K12<L12),1,IF(AND(K$3=L$3,K12=L12),1,0))))) -> 0 | N12: 1 | O12: 2 | P12: =IF(OR(ISBLANK(N12),ISBLANK(O12),ISBLANK(N$3)),"",IF(AND(N12=N$3,O$3=O12),3,IF(AND(N$3>O$3,N12>O12),1,IF(AND(N$3<O$3,N12<O12),1,IF(AND(N$3=O$3,N12=O12),1,0))))) -> 0 | Q12: 0 | R12: 2 | S12: =IF(OR(ISBLANK(Q12),ISBLANK(R12),ISBLANK(Q$3)),"",IF(AND(Q12=Q$3,R$3=R12),3,IF(AND(Q$3>R$3,Q12>R12),1,IF(AND(Q$3<R$3,Q12<R12),1,IF(AND(Q$3=R$3,Q12=R12),1,0))))) -> 0 | T12: 2 | U12: 0 | V12: =IF(OR(ISBLANK(T12),ISBLANK(U12),ISBLANK(T$3)),"",IF(AND(T12=T$3,U$3=U12),3,IF(AND(T$3>U$3,T12>U12),1,IF(AND(T$3<U$3,T12<U12),1,IF(AND(T$3=U$3,T12=U12),1,0))))) -> 0 | W12: 0 | X12: 2 | Y12: =IF(OR(ISBLANK(W12),ISBLANK(X12),ISBLANK(W$3)),"",IF(AND(W12=W$3,X$3=X12),3,IF(AND(W$3>X$3,W12>X12),1,IF(AND(W$3<X$3,W12<X12),1,IF(AND(W$3=X$3,W12=X12),1,0))))) -> 1 | Z12: 1 | AA12: 2 | AB12: =IF(OR(ISBLANK(Z12),ISBLANK(AA12),ISBLANK(Z$3)),"",IF(AND(Z12=Z$3,AA$3=AA12),3,IF(AND(Z$3>AA$3,Z12>AA12),1,IF(AND(Z$3<AA$3,Z12<AA12),1,IF(AND(Z$3=AA$3,Z12=AA12),1,0))))) -> 0 | AC12: 3 | AD12: 0 | AE12: =IF(OR(ISBLANK(AC12),ISBLANK(AD12),ISBLANK(AC$3)),"",IF(AND(AC12=AC$3,AD$3=AD12),3,IF(AND(AC$3>AD$3,AC12>AD12),1,IF(AND(AC$3<AD$3,AC12<AD12),1,IF(AND(AC$3=AD$3,AC12=AD12),1,0))))) -> 1 | AF12: 2 | AG12: 0 | AH12: =IF(OR(ISBLANK(AF12),ISBLANK(AG12),ISBLANK(AF$3)),"",IF(AND(AF12=AF$3,AG$3=AG12),3,IF(AND(AF$3>AG$3,AF12>AG12),1,IF(AND(AF$3<AG$3,AF12<AG12),1,IF(AND(AF$3=AG$3,AF12=AG12),1,0))))) -> 0 | AI12: 1 | AJ12: 1 | AK12: =IF(OR(ISBLANK(AI12),ISBLANK(AJ12),ISBLANK(AI$3)),"",IF(AND(AI12=AI$3,AJ$3=AJ12),3,IF(AND(AI$3>AJ$3,AI12>AJ12),1,IF(AND(AI$3<AJ$3,AI12<AJ12),1,IF(AND(AI$3=AJ$3,AI12=AJ12),1,0))))) -> 0 | AL12: 2 | AM12: 0 | AN12: =IF(OR(ISBLANK(AL12),ISBLANK(AM12),ISBLANK(AL$3)),"",IF(AND(AL12=AL$3,AM$3=AM12),3,IF(AND(AL$3>AM$3,AL12>AM12),1,IF(AND(AL$3<AM$3,AL12<AM12),1,IF(AND(AL$3=AM$3,AL12=AM12),1,0))))) -> 1 | AO12: 3 | AP12: 0 | AQ12: =IF(OR(ISBLANK(AO12),ISBLANK(AP12),ISBLANK(AO$3)),"",IF(AND(AO12=AO$3,AP$3=AP12),3,IF(AND(AO$3>AP$3,AO12>AP12),1,IF(AND(AO$3<AP$3,AO12<AP12),1,IF(AND(AO$3=AP$3,AO12=AP12),1,0))))) -> 0 | AR12: 2 | AS12: 1 | AT12: =IF(OR(ISBLANK(AR12),ISBLANK(AS12),ISBLANK(AR$3)),"",IF(AND(AR12=AR$3,AS$3=AS12),3,IF(AND(AR$3>AS$3,AR12>AS12),1,IF(AND(AR$3<AS$3,AR12<AS12),1,IF(AND(AR$3=AS$3,AR12=AS12),1,0))))) -> 0 | AU12: 0 | AV12: 2 | AW12: =IF(OR(ISBLANK(AU12),ISBLANK(AV12),ISBLANK(AU$3)),"",IF(AND(AU12=AU$3,AV$3=AV12),3,IF(AND(AU$3>AV$3,AU12>AV12),1,IF(AND(AU$3<AV$3,AU12<AV12),1,IF(AND(AU$3=AV$3,AU12=AV12),1,0))))) -> 0 | AX12: 2 | AY12: 0 | AZ12: =IF(OR(ISBLANK(AX12),ISBLANK(AY12),ISBLANK(AX$3)),"",IF(AND(AX12=AX$3,AY$3=AY12),3,IF(AND(AX$3>AY$3,AX12>AY12),1,IF(AND(AX$3<AY$3,AX12<AY12),1,IF(AND(AX$3=AY$3,AX12=AY12),1,0))))) -> 0 | BA12: 3 | BB12: 1 | BC12: =IF(OR(ISBLANK(BA12),ISBLANK(BB12),ISBLANK(BA$3)),"",IF(AND(BA12=BA$3,BB$3=BB12),3,IF(AND(BA$3>BB$3,BA12>BB12),1,IF(AND(BA$3<BB$3,BA12<BB12),1,IF(AND(BA$3=BB$3,BA12=BB12),1,0))))) -> 3 | BD12: 1 | BE12: 2 | BF12: =IF(OR(ISBLANK(BD12),ISBLANK(BE12),ISBLANK(BD$3)),"",IF(AND(BD12=BD$3,BE$3=BE12),3,IF(AND(BD$3>BE$3,BD12>BE12),1,IF(AND(BD$3<BE$3,BD12<BE12),1,IF(AND(BD$3=BE$3,BD12=BE12),1,0))))) -> 1 | BG12: 2 | BH12: 0 | BI12: =IF(OR(ISBLANK(BG12),ISBLANK(BH12),ISBLANK(BG$3)),"",IF(AND(BG12=BG$3,BH$3=BH12),3,IF(AND(BG$3>BH$3,BG12>BH12),1,IF(AND(BG$3<BH$3,BG12<BH12),1,IF(AND(BG$3=BH$3,BG12=BH12),1,0))))) -> 1 | BJ12: 2 | BK12: 0 | BL12: =IF(OR(ISBLANK(BJ12),ISBLANK(BK12),ISBLANK(BJ$3)),"",IF(AND(BJ12=BJ$3,BK$3=BK12),3,IF(AND(BJ$3>BK$3,BJ12>BK12),1,IF(AND(BJ$3<BK$3,BJ12<BK12),1,IF(AND(BJ$3=BK$3,BJ12=BK12),1,0))))) -> 1 | BM12: 2 | BN12: 0 | BO12: =IF(OR(ISBLANK(BM12),ISBLANK(BN12),ISBLANK(BM$3)),"",IF(AND(BM12=BM$3,BN$3=BN12),3,IF(AND(BM$3>BN$3,BM12>BN12),1,IF(AND(BM$3<BN$3,BM12<BN12),1,IF(AND(BM$3=BN$3,BM12=BN12),1,0))))) -> 0 | BP12: 2 | BQ12: 1 | BR12: =IF(OR(ISBLANK(BP12),ISBLANK(BQ12),ISBLANK(BP$3)),"",IF(AND(BP12=BP$3,BQ$3=BQ12),3,IF(AND(BP$3>BQ$3,BP12>BQ12),1,IF(AND(BP$3<BQ$3,BP12<BQ12),1,IF(AND(BP$3=BQ$3,BP12=BQ12),1,0))))) -> 1 | BS12: 0 | BT12: 1 | BU12: =IF(OR(ISBLANK(BS12),ISBLANK(BT12),ISBLANK(BS$3)),"",IF(AND(BS12=BS$3,BT$3=BT12),3,IF(AND(BS$3>BT$3,BS12>BT12),1,IF(AND(BS$3<BT$3,BS12<BT12),1,IF(AND(BS$3=BT$3,BS12=BT12),1,0))))) -> 0 | BV12: 0 | BW12: 2 | BX12: =IF(OR(ISBLANK(BV12),ISBLANK(BW12),ISBLANK(BV$3)),"",IF(AND(BV12=BV$3,BW$3=BW12),3,IF(AND(BV$3>BW$3,BV12>BW12),1,IF(AND(BV$3<BW$3,BV12<BW12),1,IF(AND(BV$3=BW$3,BV12=BW12),1,0))))) -> 1 | BY12: 1 | BZ12: 2 | CA12: =IF(OR(ISBLANK(BY12),ISBLANK(BZ12),ISBLANK(BY$3)),"",IF(AND(BY12=BY$3,BZ$3=BZ12),3,IF(AND(BY$3>BZ$3,BY12>BZ12),1,IF(AND(BY$3<BZ$3,BY12<BZ12),1,IF(AND(BY$3=BZ$3,BY12=BZ12),1,0))))) | CB12: 0 | CC12: 1 | CD12: =IF(OR(ISBLANK(CB12),ISBLANK(CC12),ISBLANK(CB$3)),"",IF(AND(CB12=CB$3,CC$3=CC12),3,IF(AND(CB$3>CC$3,CB12>CC12),1,IF(AND(CB$3<CC$3,CB12<CC12),1,IF(AND(CB$3=CC$3,CB12=CC12),1,0))))) | CE12: 2 | CF12: 1 | CG12: =IF(OR(ISBLANK(CE12),ISBLANK(CF12),ISBLANK(CE$3)),"",IF(AND(CE12=CE$3,CF$3=CF12),3,IF(AND(CE$3>CF$3,CE12>CF12),1,IF(AND(CE$3<CF$3,CE12<CF12),1,IF(AND(CE$3=CF$3,CE12=CF12),1,0))))) | CH12: 1 | CI12: 1 | CJ12: =IF(OR(ISBLANK(CH12),ISBLANK(CI12),ISBLANK(CH$3)),"",IF(AND(CH12=CH$3,CI$3=CI12),3,IF(AND(CH$3>CI$3,CH12>CI12),1,IF(AND(CH$3<CI$3,CH12<CI12),1,IF(AND(CH$3=CI$3,CH12=CI12),1,0))))) | CK12: 2 | CL12: 0 | CM12: =IF(OR(ISBLANK(CK12),ISBLANK(CL12),ISBLANK(CK$3)),"",IF(AND(CK12=CK$3,CL$3=CL12),3,IF(AND(CK$3>CL$3,CK12>CL12),1,IF(AND(CK$3<CL$3,CK12<CL12),1,IF(AND(CK$3=CL$3,CK12=CL12),1,0))))) | CN12: 1 | CO12: 2 | CP12: =IF(OR(ISBLANK(CN12),ISBLANK(CO12),ISBLANK(CN$3)),"",IF(AND(CN12=CN$3,CO$3=CO12),3,IF(AND(CN$3>CO$3,CN12>CO12),1,IF(AND(CN$3<CO$3,CN12<CO12),1,IF(AND(CN$3=CO$3,CN12=CO12),1,0))))) | CQ12: 3 | CR12: 0 | CS12: =IF(OR(ISBLANK(CQ12),ISBLANK(CR12),ISBLANK(CQ$3)),"",IF(AND(CQ12=CQ$3,CR$3=CR12),3,IF(AND(CQ$3>CR$3,CQ12>CR12),1,IF(AND(CQ$3<CR$3,CQ12<CR12),1,IF(AND(CQ$3=CR$3,CQ12=CR12),1,0))))) | CT12: 1 | CU12: 2 | CV12: =IF(OR(ISBLANK(CT12),ISBLANK(CU12),ISBLANK(CT$3)),"",IF(AND(CT12=CT$3,CU$3=CU12),3,IF(AND(CT$3>CU$3,CT12>CU12),1,IF(AND(CT$3<CU$3,CT12<CU12),1,IF(AND(CT$3=CU$3,CT12=CU12),1,0))))) | CW12: 1 | CX12: 1 | CY12: =IF(OR(ISBLANK(CW12),ISBLANK(CX12),ISBLANK(CW$3)),"",IF(AND(CW12=CW$3,CX$3=CX12),3,IF(AND(CW$3>CX$3,CW12>CX12),1,IF(AND(CW$3<CX$3,CW12<CX12),1,IF(AND(CW$3=CX$3,CW12=CX12),1,0))))) | CZ12: 1 | DA12: 2 | DB12: =IF(OR(ISBLANK(CZ12),ISBLANK(DA12),ISBLANK(CZ$3)),"",IF(AND(CZ12=CZ$3,DA$3=DA12),3,IF(AND(CZ$3>DA$3,CZ12>DA12),1,IF(AND(CZ$3<DA$3,CZ12<DA12),1,IF(AND(CZ$3=DA$3,CZ12=DA12),1,0))))) | DC12: 2 | DD12: 0 | DE12: =IF(OR(ISBLANK(DC12),ISBLANK(DD12),ISBLANK(DC$3)),"",IF(AND(DC12=DC$3,DD$3=DD12),3,IF(AND(DC$3>DD$3,DC12>DD12),1,IF(AND(DC$3<DD$3,DC12<DD12),1,IF(AND(DC$3=DD$3,DC12=DD12),1,0))))) | DF12: 1 | DG12: 2 | DH12: =IF(OR(ISBLANK(DF12),ISBLANK(DG12),ISBLANK(DF$3)),"",IF(AND(DF12=DF$3,DG$3=DG12),3,IF(AND(DF$3>DG$3,DF12>DG12),1,IF(AND(DF$3<DG$3,DF12<DG12),1,IF(AND(DF$3=DG$3,DF12=DG12),1,0))))) | DI12: 2 | DJ12: 0 | DK12: =IF(OR(ISBLANK(DI12),ISBLANK(DJ12),ISBLANK(DI$3)),"",IF(AND(DI12=DI$3,DJ$3=DJ12),3,IF(AND(DI$3>DJ$3,DI12>DJ12),1,IF(AND(DI$3<DJ$3,DI12<DJ12),1,IF(AND(DI$3=DJ$3,DI12=DJ12),1,0))))) | DL12: 1 | DM12: 1 | DN12: =IF(OR(ISBLANK(DL12),ISBLANK(DM12),ISBLANK(DL$3)),"",IF(AND(DL12=DL$3,DM$3=DM12),3,IF(AND(DL$3>DM$3,DL12>DM12),1,IF(AND(DL$3<DM$3,DL12<DM12),1,IF(AND(DL$3=DM$3,DL12=DM12),1,0))))) | DO12: 2 | DP12: 1 | DQ12: =IF(OR(ISBLANK(DO12),ISBLANK(DP12),ISBLANK(DO$3)),"",IF(AND(DO12=DO$3,DP$3=DP12),3,IF(AND(DO$3>DP$3,DO12>DP12),1,IF(AND(DO$3<DP$3,DO12<DP12),1,IF(AND(DO$3=DP$3,DO12=DP12),1,0))))) | DR12: 1 | DS12: 2 | DT12: =IF(OR(ISBLANK(DR12),ISBLANK(DS12),ISBLANK(DR$3)),"",IF(AND(DR12=DR$3,DS$3=DS12),3,IF(AND(DR$3>DS$3,DR12>DS12),1,IF(AND(DR$3<DS$3,DR12<DS12),1,IF(AND(DR$3=DS$3,DR12=DS12),1,0))))) | DU12: 2 | DV12: 0 | DW12: =IF(OR(ISBLANK(DU12),ISBLANK(DV12),ISBLANK(DU$3)),"",IF(AND(DU12=DU$3,DV$3=DV12),3,IF(AND(DU$3>DV$3,DU12>DV12),1,IF(AND(DU$3<DV$3,DU12<DV12),1,IF(AND(DU$3=DV$3,DU12=DV12),1,0))))) | DX12: 3 | DY12: 1 | DZ12: =IF(OR(ISBLANK(DX12),ISBLANK(DY12),ISBLANK(DX$3)),"",IF(AND(DX12=DX$3,DY$3=DY12),3,IF(AND(DX$3>DY$3,DX12>DY12),1,IF(AND(DX$3<DY$3,DX12<DY12),1,IF(AND(DX$3=DY$3,DX12=DY12),1,0))))) | EA12: 2 | EB12: 2 | EC12: =IF(OR(ISBLANK(EA12),ISBLANK(EB12),ISBLANK(EA$3)),"",IF(AND(EA12=EA$3,EB$3=EB12),3,IF(AND(EA$3>EB$3,EA12>EB12),1,IF(AND(EA$3<EB$3,EA12<EB12),1,IF(AND(EA$3=EB$3,EA12=EB12),1,0))))) | ED12: 1 | EE12: 2 | EF12: =IF(OR(ISBLANK(ED12),ISBLANK(EE12),ISBLANK(ED$3)),"",IF(AND(ED12=ED$3,EE$3=EE12),3,IF(AND(ED$3>EE$3,ED12>EE12),1,IF(AND(ED$3<EE$3,ED12<EE12),1,IF(AND(ED$3=EE$3,ED12=EE12),1,0))))) | EG12: 2 | EH12: 0 | EI12: =IF(OR(ISBLANK(EG12),ISBLANK(EH12),ISBLANK(EG$3)),"",IF(AND(EG12=EG$3,EH$3=EH12),3,IF(AND(EG$3>EH$3,EG12>EH12),1,IF(AND(EG$3<EH$3,EG12<EH12),1,IF(AND(EG$3=EH$3,EG12=EH12),1,0))))) | EJ12: 2 | EK12: 1 | EL12: =IF(OR(ISBLANK(EJ12),ISBLANK(EK12),ISBLANK(EJ$3)),"",IF(AND(EJ12=EJ$3,EK$3=EK12),3,IF(AND(EJ$3>EK$3,EJ12>EK12),1,IF(AND(EJ$3<EK$3,EJ12<EK12),1,IF(AND(EJ$3=EK$3,EJ12=EK12),1,0))))) | EM12: 1 | EN12: 2 | EO12: =IF(OR(ISBLANK(EM12),ISBLANK(EN12),ISBLANK(EM$3)),"",IF(AND(EM12=EM$3,EN$3=EN12),3,IF(AND(EM$3>EN$3,EM12>EN12),1,IF(AND(EM$3<EN$3,EM12<EN12),1,IF(AND(EM$3=EN$3,EM12=EN12),1,0))))) | EP12: 2 | EQ12: 1 | ER12: =IF(OR(ISBLANK(EP12),ISBLANK(EQ12),ISBLANK(EP$3)),"",IF(AND(EP12=EP$3,EQ$3=EQ12),3,IF(AND(EP$3>EQ$3,EP12>EQ12),1,IF(AND(EP$3<EQ$3,EP12<EQ12),1,IF(AND(EP$3=EQ$3,EP12=EQ12),1,0))))) | EU12: =IF(OR(ISBLANK(ES12),ISBLANK(ET12),ISBLANK(ES$3)),"",IF(AND(ES12=ES$3,ET$3=ET12),3,IF(AND(ES$3>ET$3,ES12>ET12),1,IF(AND(ES$3<ET$3,ES12<ET12),1,IF(AND(ES$3=ET$3,ES12=ET12),1,0))))) | EX12: =IF(OR(ISBLANK(EV12),ISBLANK(EW12),ISBLANK(EV$3)),"",IF(AND(EV12=EV$3,EW$3=EW12),3,IF(AND(EV$3>EW$3,EV12>EW12),1,IF(AND(EV$3<EW$3,EV12<EW12),1,IF(AND(EV$3=EW$3,EV12=EW12),1,0))))) | FA12: =IF(OR(ISBLANK(EY12),ISBLANK(EZ12),ISBLANK(EY$3)),"",IF(AND(EY12=EY$3,EZ$3=EZ12),3,IF(AND(EY$3>EZ$3,EY12>EZ12),1,IF(AND(EY$3<EZ$3,EY12<EZ12),1,IF(AND(EY$3=EZ$3,EY12=EZ12),1,0))))) | FD12: =IF(OR(ISBLANK(FB12),ISBLANK(FC12),ISBLANK(FB$3)),"",IF(AND(FB12=FB$3,FC$3=FC12),3,IF(AND(FB$3>FC$3,FB12>FC12),1,IF(AND(FB$3<FC$3,FB12<FC12),1,IF(AND(FB$3=FC$3,FB12=FC12),1,0))))) | FG12: =IF(OR(ISBLANK(FE12),ISBLANK(FF12),ISBLANK(FE$3)),"",IF(AND(FE12=FE$3,FF$3=FF12),3,IF(AND(FE$3>FF$3,FE12>FF12),1,IF(AND(FE$3<FF$3,FE12<FF12),1,IF(AND(FE$3=FF$3,FE12=FF12),1,0))))) | FJ12: =IF(OR(ISBLANK(FH12),ISBLANK(FI12),ISBLANK(FH$3)),"",IF(AND(FH12=FH$3,FI$3=FI12),3,IF(AND(FH$3>FI$3,FH12>FI12),1,IF(AND(FH$3<FI$3,FH12<FI12),1,IF(AND(FH$3=FI$3,FH12=FI12),1,0))))) | FM12: =IF(OR(ISBLANK(FK12),ISBLANK(FL12),ISBLANK(FK$3)),"",IF(AND(FK12=FK$3,FL$3=FL12),3,IF(AND(FK$3>FL$3,FK12>FL12),1,IF(AND(FK$3<FL$3,FK12<FL12),1,IF(AND(FK$3=FL$3,FK12=FL12),1,0))))) | FP12: =IF(OR(ISBLANK(FN12),ISBLANK(FO12),ISBLANK(FN$3)),"",IF(AND(FN12=FN$3,FO$3=FO12),3,IF(AND(FN$3>FO$3,FN12>FO12),1,IF(AND(FN$3<FO$3,FN12<FO12),1,IF(AND(FN$3=FO$3,FN12=FO12),1,0))))) | FS12: =IF(OR(ISBLANK(FQ12),ISBLANK(FR12),ISBLANK(FQ$3)),"",IF(AND(FQ12=FQ$3,FR$3=FR12),3,IF(AND(FQ$3>FR$3,FQ12>FR12),1,IF(AND(FQ$3<FR$3,FQ12<FR12),1,IF(AND(FQ$3=FR$3,FQ12=FR12),1,0))))) | FV12: =IF(OR(ISBLANK(FT12),ISBLANK(FU12),ISBLANK(FT$3)),"",IF(AND(FT12=FT$3,FU$3=FU12),3,IF(AND(FT$3>FU$3,FT12>FU12),1,IF(AND(FT$3<FU$3,FT12<FU12),1,IF(AND(FT$3=FU$3,FT12=FU12),1,0))))) | FY12: =IF(OR(ISBLANK(FW12),ISBLANK(FX12),ISBLANK(FW$3)),"",IF(AND(FW12=FW$3,FX$3=FX12),3,IF(AND(FW$3>FX$3,FW12>FX12),1,IF(AND(FW$3<FX$3,FW12<FX12),1,IF(AND(FW$3=FX$3,FW12=FX12),1,0))))) | GB12: =IF(OR(ISBLANK(FZ12),ISBLANK(GA12),ISBLANK(FZ$3)),"",IF(AND(FZ12=FZ$3,GA$3=GA12),3,IF(AND(FZ$3>GA$3,FZ12>GA12),1,IF(AND(FZ$3<GA$3,FZ12<GA12),1,IF(AND(FZ$3=GA$3,FZ12=GA12),1,0))))) | GE12: =IF(OR(ISBLANK(GC12),ISBLANK(GD12),ISBLANK(GC$3)),"",IF(AND(GC12=GC$3,GD$3=GD12),3,IF(AND(GC$3>GD$3,GC12>GD12),1,IF(AND(GC$3<GD$3,GC12<GD12),1,IF(AND(GC$3=GD$3,GC12=GD12),1,0))))) | GH12: =IF(OR(ISBLANK(GF12),ISBLANK(GG12),ISBLANK(GF$3)),"",IF(AND(GF12=GF$3,GG$3=GG12),3,IF(AND(GF$3>GG$3,GF12>GG12),1,IF(AND(GF$3<GG$3,GF12<GG12),1,IF(AND(GF$3=GG$3,GF12=GG12),1,0))))) | GK12: =IF(OR(ISBLANK(GI12),ISBLANK(GJ12),ISBLANK(GI$3)),"",IF(AND(GI12=GI$3,GJ$3=GJ12),3,IF(AND(GI$3>GJ$3,GI12>GJ12),1,IF(AND(GI$3<GJ$3,GI12<GJ12),1,IF(AND(GI$3=GJ$3,GI12=GJ12),1,0))))) | GN12: =IF(OR(ISBLANK(GL12),ISBLANK(GM12),ISBLANK(GL$3)),"",IF(AND(GL12=GL$3,GM$3=GM12),3,IF(AND(GL$3>GM$3,GL12>GM12),1,IF(AND(GL$3<GM$3,GL12<GM12),1,IF(AND(GL$3=GM$3,GL12=GM12),1,0))))) | GQ12: =IF(OR(ISBLANK(GO12),ISBLANK(GP12),ISBLANK(GO$3)),"",IF(AND(GO12=GO$3,GP$3=GP12),3,IF(AND(GO$3>GP$3,GO12>GP12),1,IF(AND(GO$3<GP$3,GO12<GP12),1,IF(AND(GO$3=GP$3,GO12=GP12),1,0))))) | GT12: =IF(OR(ISBLANK(GR12),ISBLANK(GS12),ISBLANK(GR$3)),"",IF(AND(GR12=GR$3,GS$3=GS12),3,IF(AND(GR$3>GS$3,GR12>GS12),1,IF(AND(GR$3<GS$3,GR12<GS12),1,IF(AND(GR$3=GS$3,GR12=GS12),1,0))))) | GW12: =IF(OR(ISBLANK(GU12),ISBLANK(GV12),ISBLANK(GU$3)),"",IF(AND(GU12=GU$3,GV$3=GV12),3,IF(AND(GU$3>GV$3,GU12>GV12),1,IF(AND(GU$3<GV$3,GU12<GV12),1,IF(AND(GU$3=GV$3,GU12=GV12),1,0))))) | GZ12: =IF(OR(ISBLANK(GX12),ISBLANK(GY12),ISBLANK(GX$3)),"",IF(AND(GX12=GX$3,GY$3=GY12),3,IF(AND(GX$3>GY$3,GX12>GY12),1,IF(AND(GX$3<GY$3,GX12<GY12),1,IF(AND(GX$3=GY$3,GX12=GY12),1,0))))) | HC12: =IF(OR(ISBLANK(HA12),ISBLANK(HB12),ISBLANK(HA$3)),"",IF(AND(HA12=HA$3,HB$3=HB12),3,IF(AND(HA$3>HB$3,HA12>HB12),1,IF(AND(HA$3<HB$3,HA12<HB12),1,IF(AND(HA$3=HB$3,HA12=HB12),1,0))))) | HF12: =IF(OR(ISBLANK(HD12),ISBLANK(HE12),ISBLANK(HD$3)),"",IF(AND(HD12=HD$3,HE$3=HE12),3,IF(AND(HD$3>HE$3,HD12>HE12),1,IF(AND(HD$3<HE$3,HD12<HE12),1,IF(AND(HD$3=HE$3,HD12=HE12),1,0))))) | HI12: =IF(OR(ISBLANK(HG12),ISBLANK(HH12),ISBLANK(HG$3)),"",IF(AND(HG12=HG$3,HH$3=HH12),3,IF(AND(HG$3>HH$3,HG12>HH12),1,IF(AND(HG$3<HH$3,HG12<HH12),1,IF(AND(HG$3=HH$3,HG12=HH12),1,0))))) | HL12: =IF(OR(ISBLANK(HJ12),ISBLANK(HK12),ISBLANK(HJ$3)),"",IF(AND(HJ12=HJ$3,HK$3=HK12),3,IF(AND(HJ$3>HK$3,HJ12>HK12),1,IF(AND(HJ$3<HK$3,HJ12<HK12),1,IF(AND(HJ$3=HK$3,HJ12=HK12),1,0))))) | HO12: =IF(OR(ISBLANK(HM12),ISBLANK(HN12),ISBLANK(HM$3)),"",IF(AND(HM12=HM$3,HN$3=HN12),3,IF(AND(HM$3>HN$3,HM12>HN12),1,IF(AND(HM$3<HN$3,HM12<HN12),1,IF(AND(HM$3=HN$3,HM12=HN12),1,0))))) | HR12: =IF(OR(ISBLANK(HP12),ISBLANK(HQ12),ISBLANK(HP$3)),"",IF(AND(HP12=HP$3,HQ$3=HQ12),3,IF(AND(HP$3>HQ$3,HP12>HQ12),1,IF(AND(HP$3<HQ$3,HP12<HQ12),1,IF(AND(HP$3=HQ$3,HP12=HQ12),1,0))))) | HU12: =IF(OR(ISBLANK(HS12),ISBLANK(HT12),ISBLANK(HS$3)),"",IF(AND(HS12=HS$3,HT$3=HT12),3,IF(AND(HS$3>HT$3,HS12>HT12),1,IF(AND(HS$3<HT$3,HS12<HT12),1,IF(AND(HS$3=HT$3,HS12=HT12),1,0))))) | HX12: =IF(OR(ISBLANK(HV12),ISBLANK(HW12),ISBLANK(HV$3)),"",IF(AND(HV12=HV$3,HW$3=HW12),3,IF(AND(HV$3>HW$3,HV12>HW12),1,IF(AND(HV$3<HW$3,HV12<HW12),1,IF(AND(HV$3=HW$3,HV12=HW12),1,0))))) | IA12: =IF(OR(ISBLANK(HY12),ISBLANK(HZ12),ISBLANK(HY$3)),"",IF(AND(HY12=HY$3,HZ$3=HZ12),3,IF(AND(HY$3>HZ$3,HY12>HZ12),1,IF(AND(HY$3<HZ$3,HY12<HZ12),1,IF(AND(HY$3=HZ$3,HY12=HZ12),1,0))))) | ID12: =IF(OR(ISBLANK(IB12),ISBLANK(IC12),ISBLANK(IB$3)),"",IF(AND(IB12=IB$3,IC$3=IC12),3,IF(AND(IB$3>IC$3,IB12>IC12),1,IF(AND(IB$3<IC$3,IB12<IC12),1,IF(AND(IB$3=IC$3,IB12=IC12),1,0))))) | IG12: =IF(OR(ISBLANK(IE12),ISBLANK(IF12),ISBLANK(IE$3)),"",IF(AND(IE12=IE$3,IF$3=IF12),3,IF(AND(IE$3>IF$3,IE12>IF12),1,IF(AND(IE$3<IF$3,IE12<IF12),1,IF(AND(IE$3=IF$3,IE12=IF12),1,0))))) | IJ12: =IF(OR(ISBLANK(IH12),ISBLANK(II12),ISBLANK(IH$3)),"",IF(AND(IH12=IH$3,II$3=II12),3,IF(AND(IH$3>II$3,IH12>II12),1,IF(AND(IH$3<II$3,IH12<II12),1,IF(AND(IH$3=II$3,IH12=II12),1,0))))) | IM12: =IF(OR(ISBLANK(IK12),ISBLANK(IL12),ISBLANK(IK$3)),"",IF(AND(IK12=IK$3,IL$3=IL12),3,IF(AND(IK$3>IL$3,IK12>IL12),1,IF(AND(IK$3<IL$3,IK12<IL12),1,IF(AND(IK$3=IL$3,IK12=IL12),1,0))))) | IP12: =IF(OR(ISBLANK(IN12),ISBLANK(IO12),ISBLANK(IN$3)),"",IF(AND(IN12=IN$3,IO$3=IO12),3,IF(AND(IN$3>IO$3,IN12>IO12),1,IF(AND(IN$3<IO$3,IN12<IO12),1,IF(AND(IN$3=IO$3,IN12=IO12),1,0))))) | IS12: =IF(OR(ISBLANK(IQ12),ISBLANK(IR12),ISBLANK(IQ$3)),"",IF(AND(IQ12=IQ$3,IR$3=IR12),3,IF(AND(IQ$3>IR$3,IQ12>IR12),1,IF(AND(IQ$3<IR$3,IQ12<IR12),1,IF(AND(IQ$3=IR$3,IQ12=IR12),1,0))))) | IV12: =IF(OR(ISBLANK(IT12),ISBLANK(IU12),ISBLANK(IT$3)),"",IF(AND(IT12=IT$3,IU$3=IU12),3,IF(AND(IT$3>IU$3,IT12>IU12),1,IF(AND(IT$3<IU$3,IT12<IU12),1,IF(AND(IT$3=IU$3,IT12=IU12),1,0))))) | IY12: =IF(OR(ISBLANK(IW12),ISBLANK(IX12),ISBLANK(IW$3)),"",IF(AND(IW12=IW$3,IX$3=IX12),3,IF(AND(IW$3>IX$3,IW12>IX12),1,IF(AND(IW$3<IX$3,IW12<IX12),1,IF(AND(IW$3=IX$3,IW12=IX12),1,0))))) | JB12: =IF(OR(ISBLANK(IZ12),ISBLANK(JA12),ISBLANK(IZ$3)),"",IF(AND(IZ12=IZ$3,JA$3=JA12),3,IF(AND(IZ$3>JA$3,IZ12>JA12),1,IF(AND(IZ$3<JA$3,IZ12<JA12),1,IF(AND(IZ$3=JA$3,IZ12=JA12),1,0))))) | JE12: =IF(OR(ISBLANK(JC12),ISBLANK(JD12),ISBLANK(JC$3)),"",IF(AND(JC12=JC$3,JD$3=JD12),3,IF(AND(JC$3>JD$3,JC12>JD12),1,IF(AND(JC$3<JD$3,JC12<JD12),1,IF(AND(JC$3=JD$3,JC12=JD12),1,0))))) | JH12: =IF(OR(ISBLANK(JF12),ISBLANK(JG12),ISBLANK(JF$3)),"",IF(AND(JF12=JF$3,JG$3=JG12),3,IF(AND(JF$3>JG$3,JF12>JG12),1,IF(AND(JF$3<JG$3,JF12<JG12),1,IF(AND(JF$3=JG$3,JF12=JG12),1,0))))) | JK12: =IF(OR(ISBLANK(JI12),ISBLANK(JJ12),ISBLANK(JI$3)),"",IF(AND(JI12=JI$3,JJ$3=JJ12),3,IF(AND(JI$3>JJ$3,JI12>JJ12),1,IF(AND(JI$3<JJ$3,JI12<JJ12),1,IF(AND(JI$3=JJ$3,JI12=JJ12),1,0))))) | JN12: =IF(OR(ISBLANK(JL12),ISBLANK(JM12),ISBLANK(JL$3)),"",IF(AND(JL12=JL$3,JM$3=JM12),3,IF(AND(JL$3>JM$3,JL12>JM12),1,IF(AND(JL$3<JM$3,JL12<JM12),1,IF(AND(JL$3=JM$3,JL12=JM12),1,0))))) | JQ12: =IF(OR(ISBLANK(JO12),ISBLANK(JP12),ISBLANK(JO$3)),"",IF(AND(JO12=JO$3,JP$3=JP12),3,IF(AND(JO$3>JP$3,JO12>JP12),1,IF(AND(JO$3<JP$3,JO12<JP12),1,IF(AND(JO$3=JP$3,JO12=JP12),1,0))))) | JT12: =IF(OR(ISBLANK(JR12),ISBLANK(JS12),ISBLANK(JR$3)),"",IF(AND(JR12=JR$3,JS$3=JS12),3,IF(AND(JR$3>JS$3,JR12>JS12),1,IF(AND(JR$3<JS$3,JR12<JS12),1,IF(AND(JR$3=JS$3,JR12=JS12),1,0))))) | JW12: =IF(OR(ISBLANK(JU12),ISBLANK(JV12),ISBLANK(JU$3)),"",IF(AND(JU12=JU$3,JV$3=JV12),3,IF(AND(JU$3>JV$3,JU12>JV12),1,IF(AND(JU$3<JV$3,JU12<JV12),1,IF(AND(JU$3=JV$3,JU12=JV12),1,0))))) | JZ12: =IF(OR(ISBLANK(JX12),ISBLANK(JY12),ISBLANK(JX$3)),"",IF(AND(JX12=JX$3,JY$3=JY12),3,IF(AND(JX$3>JY$3,JX12>JY12),1,IF(AND(JX$3<JY$3,JX12<JY12),1,IF(AND(JX$3=JY$3,JX12=JY12),1,0))))) | KC12: =IF(OR(ISBLANK(KA12),ISBLANK(KB12),ISBLANK(KA$3)),"",IF(AND(KA12=KA$3,KB$3=KB12),3,IF(AND(KA$3>KB$3,KA12>KB12),1,IF(AND(KA$3<KB$3,KA12<KB12),1,IF(AND(KA$3=KB$3,KA12=KB12),1,0))))) | KF12: =IF(OR(ISBLANK(KD12),ISBLANK(KE12),ISBLANK(KD$3)),"",IF(AND(KD12=KD$3,KE$3=KE12),3,IF(AND(KD$3>KE$3,KD12>KE12),1,IF(AND(KD$3<KE$3,KD12<KE12),1,IF(AND(KD$3=KE$3,KD12=KE12),1,0))))) | KI12: =IF(OR(ISBLANK(KG12),ISBLANK(KH12),ISBLANK(KG$3)),"",IF(AND(KG12=KG$3,KH$3=KH12),5,IF(AND(KG$3>KH$3,KG12>KH12),1,IF(AND(KG$3<KH$3,KG12<KH12),1,IF(AND(KG$3=KH$3,KG12=KH12),1,0))))) | KL12: =IF(OR(ISBLANK(KJ12),ISBLANK(KK12),ISBLANK(KJ$3)),"",IF(AND(KJ12=KJ$3,KK$3=KK12),5,IF(AND(KJ$3>KK$3,KJ12>KK12),1,IF(AND(KJ$3<KK$3,KJ12<KK12),1,IF(AND(KJ$3=KK$3,KJ12=KK12),1,0))))) | KO12: =IF(OR(ISBLANK(KM12),ISBLANK(KN12),ISBLANK(KM$3)),"",IF(AND(KM12=KM$3,KN$3=KN12),5,IF(AND(KM$3>KN$3,KM12>KN12),1,IF(AND(KM$3<KN$3,KM12<KN12),1,IF(AND(KM$3=KN$3,KM12=KN12),1,0))))) | KR12: =IF(OR(ISBLANK(KP12),ISBLANK(KQ12),ISBLANK(KP$3)),"",IF(AND(KP12=KP$3,KQ$3=KQ12),5,IF(AND(KP$3>KQ$3,KP12>KQ12),1,IF(AND(KP$3<KQ$3,KP12<KQ12),1,IF(AND(KP$3=KQ$3,KP12=KQ12),1,0))))) | KU12: =IF(OR(ISBLANK(KS12),ISBLANK(KT12),ISBLANK(KS$3)),"",IF(AND(KS12=KS$3,KT$3=KT12),5,IF(AND(KS$3>KT$3,KS12>KT12),1,IF(AND(KS$3<KT$3,KS12<KT12),1,IF(AND(KS$3=KT$3,KS12=KT12),1,0))))) | KX12: =IF(OR(ISBLANK(KV12),ISBLANK(KW12),ISBLANK(KV$3)),"",IF(AND(KV12=KV$3,KW$3=KW12),5,IF(AND(KV$3>KW$3,KV12>KW12),1,IF(AND(KV$3<KW$3,KV12<KW12),1,IF(AND(KV$3=KW$3,KV12=KW12),1,0))))) | LA12: =IF(OR(ISBLANK(KY12),ISBLANK(KZ12),ISBLANK(KY$3)),"",IF(AND(KY12=KY$3,KZ$3=KZ12),5,IF(AND(KY$3>KZ$3,KY12>KZ12),1,IF(AND(KY$3<KZ$3,KY12<KZ12),1,IF(AND(KY$3=KZ$3,KY12=KZ12),1,0))))) | LD12: =IF(OR(ISBLANK(LB12),ISBLANK(LC12),ISBLANK(LB$3)),"",IF(AND(LB12=LB$3,LC$3=LC12),5,IF(AND(LB$3>LC$3,LB12>LC12),1,IF(AND(LB$3<LC$3,LB12<LC12),1,IF(AND(LB$3=LC$3,LB12=LC12),1,0))))) | LF12: =IF(ISBLANK(LE12),"",IF(LE10=LE12,5,0)) | LH12: =IF(ISBLANK(LG12),"",IF(LG10=LG12,5,0)) | LJ12: =IF(ISBLANK(LI12),"",IF(LI10=LI12,5,0)) | LL12: =IF(ISBLANK(LK12),"",IF(LK10=LK12,5,0)) | LN12: =IF(ISBLANK(LM12),"",IF(LM10=LM12,5,0))
